PMID,Title,Journal,Authors,PublicationDate,Volume,Issue,Pages,DOI,Abstract
41618746,Mandibular Osteoradionecrosis: Mandibular Preservation Using Humeral Periosteal Free Flap Wrapping.,The Laryngoscope,Sandrine Vlavonou; Jean-Philippe Foy; Mourad Benassarou; Chloé Bertolus; Thomas Schouman,2026-Jan-31,,,,10.1002/lary.70403,
41618731,Nasal Air-Jet Sensitivity Differentiates Empty Nose Syndrome and Turbinate Reduction Patients: A Pilot Study.,The Laryngoscope,Kanghyun Kim; Ahmad Odeh; Jack Harness; Nidhi Jha; Veronica Formanek; Joseph Lee; Bradley Otto; Kathleen Kelly; Kai Zhao,2026-Jan-31,,,,10.1002/lary.70398,
41618707,Middle Turbinate Preservation Technique During Transpterygoid Approaches for Skull Base Surgery.,The Laryngoscope,Axel E Renteria; Maxime Fieux; Bruna Castro Silva; Lirit Levi; Alyssa Azevedo; Michael T Chang; Juan Carlos Fernandez-Miranda; Jayakar V Nayak,2026-Jan-31,,,,10.1002/lary.70381,
41614236,Objective Assessment of Laryngopharyngeal Reflux in Laryngeal Contact Granuloma.,The Laryngoscope,Hyun Jee Lee; Seung Yup Son; Su Il Kim; Young Chan Lee; Seong-Gyu Ko; Young-Gyu Eun,2026-Jan-30,,,,10.1002/lary.70407,
41609813,Hypotensive Agents for Controlled Hypotension in Endoscopic Sinus Surgery: A Systematic Review and Network Meta-Analysis.,JAMA otolaryngology-- head & neck surgery,Abdelrahman Saeed; Omar Saeed; Mohamedhen Vall Nounou; Edward D McCoul; Qasi Najah; Sara Saleh; Osama Barakat; Ahmed Wahhab; Longgang Yu; Muhammed Elhadi,2026-Jan-29,,,,10.1001/jamaoto.2025.5222,
41609760,What Is Adrenal Insufficiency?,JAMA,Rebecca Voelker,2026-Jan-29,,,,10.1001/jama.2025.23130,
41609389,Appropriate Medical Therapy Primarily Modifies Type 2 and Severity Biomarkers in Chronic Rhinosinusitis.,International forum of allergy & rhinology,Asher C Park; Brooke N Gleason; Eli Stein; Saied Ghadersohi; Atsushi Kato; Stephanie Shintani-Smith; David B Conley; Kevin C Welch; Robert C Kern; Bruce K Tan,2026-Jan-29,,,,10.1002/alr.70105,
41604297,When Nutrition Science Is Ignored: Potential Public Health Cost of the 2025 Dietary Guidelines.,JAMA,Kim A Williams; Lily N Dastmalchi; Neal D Barnard,2026-Jan-28,,,,10.1001/jama.2026.0832,
41589812,Reduced Numbers of Blood Dendritic Cell Antigen 3 Positive Dendritic Cells in the Nasal Mucosa Contribute to Severe Inflammation in Patients with Allergic Rhinitis and Chronic Rhinosinusitis.,American journal of rhinology & allergy,Dahee Shim; Tae-Gyun Kim; Yeeun Bak; Hyung-Ju Cho; Chang-Hoon Kim; Joo-Heon Yoon; Sang Chul Park,2026-Jan-27,,,19458924261416572,10.1177/19458924261416572,
41589021,In Response to Malignant Transformation Rate of Oral Premalignant Disorders: A Large Database Analysis.,The Laryngoscope,David Goldenberg; Andrew Meci,2026-Jan-27,,,,10.1002/lary.70376,
41589009,In Reference to Malignant Transformation Rate of Oral Premalignant Disorders: A Large Database Analysis.,The Laryngoscope,Amol Ramchandra Gadbail; Monal B Yuwanati; Shailesh M Gondivkar; Sachin C Sarode,2026-Jan-26,,,,10.1002/lary.70377,
41588740,Prevalence and Polysomnographic Features of Obstructive Sleep Apnea in Childhood Obesity.,The Laryngoscope,Hanna Y Gedamu; Seckin O Ulualp; Anna Wani; A Claire Chapel; Felicity Lenes-Voit; Ron B Mitchell,2026-Jan-26,,,,10.1002/lary.70394,
41588706,Decoding Gender in Cough Sounds: A Transformer-Based Analysis.,The Laryngoscope,Linh He; Haomiao Li; Siyan Wang; Eunice Baik; Sarah Kervin; Robin Zhao; John M Ramos; Joseph Colonel; Anaïs Rameau,2026-Jan-26,,,,10.1002/lary.70393,
41587102,"Efficacy and Safety of Biologics, Allergen Immunotherapy, and Pharmacotherapies for Moderate-to-Severe Allergic Rhinitis: A Network Meta-Analysis.",International forum of allergy & rhinology,Zengxiao Zhang; Dandan Fang; Chengshuo Wang; Yuan Zhang; Luo Zhang,2026-Jan-26,,,,10.1002/alr.70108,
41582773,Impact of Residency Interview Format on Assessment of Otolaryngology Applicants.,The Laryngoscope,Robert M Frederick; Taylor S Erickson; Isaac Solomon; Aileen Dowden; Dana Dunleavy; Eric Dobratz; Steven D Pletcher,2026-Jan-26,,,,10.1002/lary.70390,
41578877,Mesna in Otologic Surgery: Efficacy and Safety-A Scoping Review.,The Laryngoscope,Kevork H Atamian; Inabat Yermesheva; Ostap Orishchak; Hady Tall; Sam J Daniel,2026-Jan-24,,,,10.1002/lary.70368,
41578654,Hardware Exposure After Mandibular Reconstruction: Bone Versus Soft Tissue Free Flap Comparison.,The Laryngoscope,Hasan Abdulbaki; Angeline A Truong; Laura Chen; Chase M Heaton; Philip D Knott; Andrea M Park; Mary J Xu; Katherine C Wai,2026-Jan-23,,,,10.1002/lary.70373,
41578640,Real-Time Dynamic Ultrasound Characteristics of the Thyrohyoid Space in Vocal Hyperfunction Mode.,The Laryngoscope,Liao Fang; Yang Jinshan; Chen Wenjun; Ruan Jingliang; Liu Rongbin; Su Yangzhou; Zou Xin; Wei Jiayi; Xu Xiaolin; Liang Faya,2026-Jan-23,,,,10.1002/lary.70388,
41578617,Economic Evaluation of Tympanostomy Tube Placement.,The Laryngoscope,Keith D Brendes; Chase Beckerman; Andrew Ritchey; Nathan C Page; Mark E Gerber,2026-Jan-23,,,,10.1002/lary.70391,
41574646,Targeted biologics for chronic rhinosinusitis with nasal polyps: efficacy and safety comparison of eight monoclonal antibodies via network meta-analysis.,Rhinology,X Wang; P Ren; H He; J Zhao; Y Xin; H Wang; X Ren; K Zhu; J Chen,2026-Jan-23,,,,10.4193/Rhin25.395,
41574596,Algorithmic Surgical Management of Primary Hyperparathyroidism and Its Variants: A Scoping Review.,The Laryngoscope,Fleur Kabala; Todd Falcone; Kourosh Parham,2026-Jan-23,,,,10.1002/lary.70382,
41574579,Altered Glymphatic Function in Tinnitus: Associations With Cognition and Effects of rTMS.,The Laryngoscope,Weijie Ye; Yinjuan Du; Shuo Li; Qianhui Xu; Zihuai Fang; Jin-Jing Xu; Hong Zhang; Richard Salvi; Yu-Chen Chen; Yuexin Cai,2026-Jan-23,,,,10.1002/lary.70384,
41574552,"Digital intervention for smell training: a real-world study on engagement, adherence, and behavioural dynamics.",Rhinology,C Besevli; G Brianza; C Dawes; S Mathur; S Beganovic; D Boak; A Fatah Gen Schieck; M Lechner; E Maggioni; C Philpott; M Obrist,2026-Jan-23,,,,10.4193/Rhin25.290,
41567107,Unilateral Nasopharyngeal Endoscopic Resection Type III: Technical Notes.,The Laryngoscope,Carlo Conti; Gabriele Testa; Davide Mattavelli; Vittorio Rampinelli; Claudia Lodovica Modesti; Aurora Pinacoli; Alberto Schreiber; Cesare Piazza,2026-Jan-22,,,,10.1002/lary.70378,
41563915,Spontaneous cervical hematoma.,"European annals of otorhinolaryngology, head and neck diseases",F Le Normand; C Mandoul; P Kennel,2026-Jan,143,1,65-67,10.1016/j.anorl.2025.10.004,
41562350,Does Early Bone Conduction Hearing Device Use Offer Benefit in Unilateral Congenital Aural Atresia?,The Laryngoscope,Elizabeth Kim; Andrew R Scott; Brianne Barnett Roby,2026-Jan-21,,,,10.1002/lary.70395,
41562339,Balloon Dilation With Tympanostomy Enhances Outcomes in Adult Chronic Otitis Media With Effusion.,The Laryngoscope,Mingxuan Wu; Mengdi Zhang; Yan Chen; Yufei Wang; Wenquan Li; Wenyan Li,2026-Jan-21,,,,10.1002/lary.70385,
41562332,Robotic-Assisted Electrode Array Insertion Improves Stability of Acoustic Hearing Thresholds.,The Laryngoscope,Uzair A Khan; Rachel A Scheperle; Grant Podhajsky; Meggan J Lind; Camille C Dunn; Alexander D Claussen; Bruce J Gantz; Marlan R Hansen,2026-Jan-21,,,,10.1002/lary.70380,
41562324,Effects of Anesthetic Depth Using the Bispectral Index During Sleep Endoscopy With PAP Titration.,The Laryngoscope,Jefferson DeKloe; Erin Creighton; Jay Trivedi; Nicole Molin; Patrick Hunt; Maurits Boon; Colin Huntley,2026-Jan-21,,,,10.1002/lary.70361,
41562196,Endoscopic Repair of a Superior Orbital Roof Blow-In Fracture: A Rare Case Report.,The Laryngoscope,Ergin Eroğlu; Burçay Tellioğlu; Yasin Gökçınar; Serdar Özer,2026-Jan-21,,,,10.1002/lary.70387,
41562156,Disease Regression of Contralateral Reactive Lesions Following Office-Based Laryngeal Surgery.,The Laryngoscope,Abdul-Latif Hamdan; Lana Ghzayel; Lucien Khalil; Valerie Sarkis; Ghena Lababidi; Jad Hosri; Ibana Carapiperis; Patrick Abou Raji Feghali,2026-Jan-21,,,,10.1002/lary.70389,
41556643,The Role of Proteases in Epithelial Dysregulation in Fungal Sinusitis.,International forum of allergy & rhinology,Sonam Verma; Iris Lee; John S Schneider; Nyssa F Farrell; Peggy L Kendall; Lauren T Roland,2026-Jan-20,,,,10.1002/alr.70107,
41555495,In Reference to Tracheostomy Dependence in Hypopharyngeal Cancer: Comparative Prognostic Impact of CRT Versus Surgery.,The Laryngoscope,Lala Sha; Xiaohong Xie,2026-Jan-19,,,,10.1002/lary.70349,
41555489,In Response to Tracheostomy Dependence in Hypopharyngeal Cancer: Comparative Prognostic Impact of CRT Versus Surgery.,The Laryngoscope,Chien-Yi Yang; Shao-Cheng Liu,2026-Jan-19,,,,10.1002/lary.70347,
41555208,Dysphonia Is Associated With Anxiety and Depression in the All of Us Research Program.,The Laryngoscope,Hannah N W Weinstein; Michael W Denham; Lauren H Tucker; Justin S Golub; Hayley L Born,2026-Jan-19,,,,10.1002/lary.70372,
41555156,What Is the Optimal Timing for Cochlear Implantation in a Post-Meningitic Infant With Sensorineural Hearing Loss?,The Laryngoscope,Courtney J Hunter; John L Dornhoffer; Robert A Saadi,2026-Jan-19,,,,10.1002/lary.70358,
41553831,Prescription Patterns and Outcomes of Topical Antibiotic Irrigations in Difficult-to-Treat Chronic Rhinosinusitis.,American journal of rhinology & allergy,Bastien A Valencia-Sanchez; Christopher Jabbour; Prishae Wilson; Natasha Najmi; Alaa Alhalabi; Jacqueline Squire; Janalee Stokken; Angela M Donaldson,2026-Jan-19,,,19458924251413671,10.1177/19458924251413671,
41553197,Expanding the olfactory implant paradigm through recent advances in brain-computer interface technology.,Rhinology,E K Bhargava; M Arvaneh,2026-Jan-19,,,,10.4193/Rhin25.554,
41549593,Is There a Topical Nasal Steroid Spray That Works the Best for Nasal Congestion?,The Laryngoscope,Benjamin Aunins; Samuel Oyer; Vusala Snyder; Stephen Park,2026-Jan-18,,,,10.1002/lary.70375,
41549538,Preoperative SGLT2 Inhibitors and Postoperative Complications After Tracheostomy in Type 2 Diabetes.,The Laryngoscope,Sohil Singh; Sagar Singh Matharu; Ankit Choudhury; Ryan Puccia,2026-Jan-18,,,,10.1002/lary.70374,
41544007,Preoperative Nasoseptal-Lacrimal Fossa Distance as a Predictor of Endoscopic DCR Failure: A Retrospective Analysis.,American journal of rhinology & allergy,Kalena Liu; Christopher Valentini; Kelsey Limage; Henry Moss; Ava Whitlark; Tiffany Cheng; Henry Bair; Charlotte Marous; Adam Flanders; Marc Rosen; Gurston Nyquist; Elina Toskala; Karine Shebaclo; Alison Watson; Mindy Rabinowitz,2026-Jan-16,,,19458924251410664,10.1177/19458924251410664,
41543033,Recurrent Respiratory Papillomatosis Foundation Position Statement on the Management of Adults With RRP.,The Laryngoscope,Simon R Best; Aaron D Friedman; Clark A Rosen; Robert T Sataloff; Laura A Matrka; H Steven Sims; David E Rosow; Nabil F Saba; David G Lott; Adam M Klein; Ted Mau; Milan R Amin; Kathryn A Wikenheiser-Brokamp; Scott M Norberg; Kim McClellan; Geoffrey D Young; Clint T Allen,2026-Jan-16,,,,10.1002/lary.70379,
41538139,What Is Type 2 Diabetes?,JAMA,Rebecca Voelker,2026-Jan-15,,,,10.1001/jama.2025.23179,
41537280,Comparable Outcomes in Pediatric and Adult Patients With Sudden Sensorineural Hearing Loss.,The Laryngoscope,Changshuo Shan; Jiao Zhang; Xin Zhou; Xiaonan Wu; Guohui Chen; Chunyan Liu; Jing Guan; Yun Gao; Dayong Wang; Qiuju Wang,2026-Jan-15,,,,10.1002/lary.70371,
41537227,Acromegaly Presenting With Cricoarytenoid Joint Arthropathy.,The Laryngoscope,Samantha Salvi Cruz; Riley Larkin; Ioan Lina; Alexander Gelbard,2026-Jan-15,,,,10.1002/lary.70369,
41537219,Optical Coherence Tomography in Pediatric Airway Surgery: A Case Series and Focused Review.,The Laryngoscope,Rebecca Paquin; Jenny Zablah; Marta Kulich; Jacob Boyd; Max B Mitchell; Gareth Morgan; Jeremy Prager,2026-Jan-15,,,,10.1002/lary.70367,
41532683,Local Specific IgE Levels Can Predict and Monitor the Therapeutic Response to Subcutaneous Immunotherapy With House Dust Mite.,International forum of allergy & rhinology,Xu Xu; Jingyun Li; Xu Zhang; Yu Song; Lin Xi; Luo Zhang; Yuan Zhang,2026-Jan-14,,,,10.1002/alr.70098,
41532610,Gender-Affirming Feminization Voice Surgery: A Scoping Review of Preoperative Assessments.,The Laryngoscope,Jadin Chahade; Hedieh Keshavars; Janice Y Kung; Teresa L D Hardy; Caroline C Jeffery,2026-Jan-14,,,,10.1002/lary.70370,
41532608,Surgical Adequacy in ESS for Primary Diffuse CRS: Expert Consensus Recommendations.,The Laryngoscope,Daniela Lucidi; Carlotta Pipolo; Fabio Pagella; Davide Mattavelli; Paolo Battaglia; Eugenio De Corso; Enzo Emanuelli; Marco Ferrari; Massimiliano Garzaro; Luca Malvezzi; Daniele Marchioni; Ernesto Pasquini; Stefano Pelucchi; Livio Presutti; Mario Turri Zanoni; Carla Cantaffa; Matteo Alicandri-Ciufelli,2026-Jan-14,,,,10.1002/lary.70365,
41532567,TGFβ/Smad2/3-Mediated Crosstalk Between Vocal Fold Fibroblasts and Myoblasts In Vitro.,The Laryngoscope,Masayoshi Yoshimatsu; Ryosuke Nakamura; Renjie Bing; Gary J Gartling; Aaron M Johnson; Ryan C Branski,2026-Jan-14,,,,10.1002/lary.70366,
41529095,Steroid-Sparing Effects of Biologics in Chronic Rhinosinusitis with Nasal Polyps: Systematic Review and A Meta-Analysis of Randomized Controlled Trials.,American journal of rhinology & allergy,Ali M Alsudays; Yasser G Alarimah; Khaled A Almanea; Ahmad Alroqi,2026-Jan-13,,,19458924251414922,10.1177/19458924251414922,
41525427,Diagnostic Accuracy of Office Biopsy for Inverted Papilloma.,American journal of rhinology & allergy,Alison J Yu; Iulia Tapescu; Sanjena Venkatesh; Kathleen Montone; Maria C Espinosa; Jennifer E Douglas; James N Palmer; Michael A Kohanski; Nithin D Adappa,2026-Jan-12,,,19458924251414779,10.1177/19458924251414779,
41521892,Upper and lower airways response to tezepelumab in asthma patients with / without comorbid nasal polyposis: a 6-months reallife perspective.,Rhinology,M Caminati; A Mastrototaro; M Maule; M Schiappoli; R Vaia; M Zurlo; F Bini; L Brussino; M D'Amato; A M Marra; S Nicola; J W V Schroeder; G Senna; R Benoni,2026-Jan-12,,,,10.4193/Rhin25.474,
41521868,Assessment of the extent of previous endoscopic sinus surgery using the ACCESS score in patients with chronic rhinosinusitis referred to tertiary care rhinologic clinics.,Rhinology,M Lazzeroni; R Hoven; E de Corso; C Montuori; A R Sedaghat; A Sarafidou; J Constantinidis; C Hopkins; B R Castro; Z Patel; P Capaccio; W J Fokkens; S Reitsma,2026-Jan-12,,,,10.4193/Rhin25.236,
41521571,Efficacy of Intracordal Trafermin Injection Using Propensity Score Matching in Age-Related Vocal Fold Atrophy.,The Laryngoscope,Tomohiro Hasegawa; Yusuke Watanabe,2026-Jan-11,,,,10.1002/lary.70360,
41521399,Multicentricity of Type II First Branchial Cleft Anomalies.,The Laryngoscope,Kyle J Kozak; Nitin Wadhwani; Douglas Johnston; John Maddalozzo,2026-Jan-11,,,,10.1002/lary.70364,
41518064,Feasibility of Awake In-Office Transnasal Double Balloon Dilation of the Pharyngoesophageal Segment.,The Laryngoscope,Christine M Clark; Can Doruk; Valentina Mocchetti; Anaïs Rameau,2026-Jan-10,,,,10.1002/lary.70362,
41510640,Assessment of 7-Item Eustachian Tube Dysfunction Questionnaire in a Clinical Population.,The Laryngoscope,Amina Khan; Lawrence Wang; John Parsons; Karolina Charaziak,2026-Jan-09,,,,10.1002/lary.70363,
41508908,Impedance-Controlled Multipoint Radiofrequency Ablation for Chronic Rhinitis: A Randomized Controlled Trial.,International forum of allergy & rhinology,Masayoshi Takashima; Randall A Ow; Richard D Thrasher; Ellen M O'Malley; William R Blythe; Omar G Ahmed,2026-Jan-08,,,,10.1002/alr.70101,
41498195,Neuromodulators do not appear effective for post-viral parosmia.,Rhinology,K Resler; B R Castro; Z M Patel,2026-Jan-07,,,,10.4193/Rhin25.162,
41493451,"Audio Highlights: December 12, 2025.",JAMA,,2026-Jan-06,335,1,e2515653,10.1001/jama.2025.15653,
41493192,Early and Sustained Improvements in Sense of Smell With Tezepelumab Treatment in Patients With Chronic Rhinosinusitis With Nasal Polyps (WAYPOINT).,International forum of allergy & rhinology,Joaquim Mullol; Joseph K Han; Tanya M Laidlaw; Claire Hopkins; Anju T Peters; Oliver Pfaar; Martin Desrosiers; Stella E Lee; Andrew P Lane; Claudia Chen; Yun Chon; Sandhia S Ponnarambil; Andrew Foster; Andrew W Lindsley; Christopher S Ambrose,2026-Jan-06,,,,10.1002/alr.70090,
41493114,A Dual Setback: Staphylococcus aureus Biofilms From Severe Chronic Rhinosinusitis Show Enhanced Virulence Capacity and Tolerance to Antibiotics.,International forum of allergy & rhinology,Gohar Shaghayegh; Clare Cooksley; Cate Cheney; Sima Kianpour Rad; Beula Subashini Panchatcharam; Emma F Barry; Sholeh Feizi; George Bouras; Alkis James Psaltis; Peter-John Wormald; Sarah Vreugde,2026-Jan-06,,,,10.1002/alr.70092,
41489179,In Response to Impact of Obesity on the Structured Histopathology of Chronic Rhinosinusitis Patients.,The Laryngoscope,Daniel X Ma; Ali Baird; Peter Papagiannopoulos,2026-Jan-05,,,,10.1002/lary.70329,
41489166,In Reference to Impact of Obesity on the Structured Histopathology of Chronic Rhinosinusitis Patients.,The Laryngoscope,Weitao An; Yahong Li,2026-Jan-05,,,,10.1002/lary.70331,
41489147,Clinical Best Practice in Perioperative Calcium Management After Pediatric Total Thyroidectomy.,The Laryngoscope,Brentley Lindsey; Bridget Ebert; Brianne Roby,2026-Jan-05,,,,10.1002/lary.70356,
41489089,A Multimodal Approach for Deep-Learning Classification of Vocal Fold Pathologies in Stroboscopy.,The Laryngoscope,Sruthi Surapaneni; Rachel B Kutler; Sean A Setzen; Yeo Eun Kim; Peter Yao; Sana H Siddiqui; Michael J Pitman; Lucian Sulica; Olivier Elemento; Pegah Khosravi; Anaïs Rameau,2026-Jan-05,,,,10.1002/lary.70355,
41487116,From postoperative cerebrospinal fluid leak to meningitis: unveiling the risk factors for meningitis after endoscopic skull base surgery.,Rhinology,C Lee; D Kim; G Ryu; W-J Lee; D-S Kong; S D Hong,2026-Jan-05,,,,10.4193/Rhin25.357,
41487101,Comparative study between different methods for treatment of recurrent anterior idiopathic epistaxis in children: a prospective randomized clinical study.,Rhinology,A M Abdelghany; A A A Hendy; A F Allam,2026-Jan-05,,,,10.4193/Rhin25.530,
41487079,Sinonasal outcomes on nasal acoustics and resonance (SONAR).,Rhinology,N Berick; F Jahshan; M Darawshe; I Braverman; I Shochat,2026-Jan-05,,,,10.4193/Rhin25.486,
41487053,Endoscopic sinus surgery versus biologic therapy for chronic rhinosinusitis with nasal polyposis: a systematic review with meta-analysis.,Rhinology,H Majeethia; Z Mehdi; O G Ahmed; M Takashima; G A Kelley; J Lee; H H Ramadan; C A Makary,2026-Jan-05,,,,10.4193/Rhin25.345,
41482832,Stress and Audiometric Hearing Loss in the National Hispanic Community Health Study/Study of Latinos.,The Laryngoscope,Michael W Denham; Alexis E Willy; Hannah N W Weinstein; S Dillon Powell; Lauren H Tucker; Justin S Golub,2026-Jan-03,,,,10.1002/lary.70345,
41482826,Perineural Invasion and Survival in Pembrolizumab-Treated Head and Neck Squamous Cell Carcinoma.,The Laryngoscope,Angeline A Truong; Savinnie Ho; Rex H Lee; Xin Wu; Hyunseok Kang; Ivan H El-Sayed; Jonathan R George; Chase M Heaton; Ilya Likhterov; Mary Jue Xu; Patrick K Ha; Alain P Algazi; Katherine C Wai,2026-Jan-03,,,,10.1002/lary.70350,
41482818,The ENT Management of Acute Frontal Sinusitis With Intracranial Complications in Adult Patients.,The Laryngoscope,Ding Yang; Timothy Davies; Gabrielle Thompson; Stephen P Williams; Haleema Nadir; Inga Usher; Smonica Kaur; Thomas F C Saunders; Rohini Aggarwal; Rajeev Advani; Amr Abdelhamid; Samuel Leong; John de Carpentier; Archana Jaiswal; Rajiv K Bhalla; Bilal Anwar,2026-Jan-03,,,,10.1002/lary.70343,
41481318,PAHO Urges Vaccination as Whooping Cough Surges in the Americas.,JAMA,Samantha Anderer,2026-Jan-27,335,4,298-299,10.1001/jama.2025.23006,
41481317,Some Diabetes Drugs May Slow Frailty Progression in Older Adults.,JAMA,Samantha Anderer,2026-Jan-27,335,4,299,10.1001/jama.2025.23007,
41481316,RSV Infection Associated With Increased Cardiovascular Risks.,JAMA,Shravya Pant,2026-Jan-27,335,4,298,10.1001/jama.2025.23005,
41481315,Medical Cannabis Program Lowers Chronic Pain Opioid Prescriptions.,JAMA,Shravya Pant,2026-Jan-27,335,4,299,10.1001/jama.2025.23008,
41481306,COVID-19 in Pregnancy Linked With Risk of Neurodevelopmental Disorders in Early Childhood.,JAMA,Samantha Anderer,2026-Jan-27,335,4,296-297,10.1001/jama.2025.23090,
41481300,Can Nicotine Pouches Help People Quit Smoking?,JAMA,Shravya Pant; Samantha Anderer,2026-Jan-27,335,4,293-295,10.1001/jama.2025.22811,
41481287,AAP Continues Recommending Birth Dose of Hepatitis B Vaccine After ACIP's Vote to Remove.,JAMA,Samantha Anderer,2026-Jan-27,335,4,298,10.1001/jama.2025.23003,
41481284,ACS: New Cervical Cancer Screening Guidelines.,JAMA,Shravya Pant,2026-Jan-27,335,4,298,10.1001/jama.2025.23004,
41479307,A 76-Year-Old Man With Episodic Vestibular Syndrome and Skew Deviation.,The Laryngoscope,Yassine Balhi; Syed Ameen Ahmad; Daniel Ludwig; Bryan K Ward; John P Carey,2026-Jan-02,,,,10.1002/lary.70312,
41478836,Guidelines of the French Society of ENT (short version) on the role and modalities of vestibular rehabilitation in Menière's disease.,"European annals of otorhinolaryngology, head and neck diseases",X Dubernard; J Ortega Solis; M-J Fraysse; S Tronche; V Darrouzet; T Mom,2026-Jan,143,1,50-55,10.1016/j.anorl.2025.12.001,
41468025,Multiple Reasoning Models and the Future of AI Chatbots.,JAMA,Yulin Hswen,2026-Jan-20,335,3,e2522591,10.1001/jama.2025.22591,
41468024,Ethics and Social Medicine Education Under Political Pressure: Teaching Through Uncertainty.,JAMA,Elizabeth Sonntag; James Levenson,2026-Jan-27,335,4,305-306,10.1001/jama.2025.23747,
41460645,Specialty Oral Anticancer Prescription Fill Rates After Medicare Part D Cost-Sharing Changes in 2024.,JAMA,John K Lin; Pengxiang Li; Xiudong Lei; Sunita M Desai; Jalpa A Doshi,2026-Jan-27,335,4,366-367,10.1001/jama.2025.22134,
41460643,Reframing Opioid Overdose as an Ambulatory Care-Sensitive Condition.,JAMA,Michael Hsu; David Lawrence; Peter Capone-Newton; Lillian Gelberg,2026-Jan-27,335,4,303-304,10.1001/jama.2025.23741,
41460519,A Woman With Rheumatoid Arthritis and Vesicular Rash.,JAMA,Brandon W Yan; Mary E Margaretten,2026-Jan-27,335,4,362-363,10.1001/jama.2025.21505,
41460507,Foreign Letters.,JAMA,,2026-Jan-27,335,4,375,10.1001/jama.2025.15675,
41428344,Long-Term Pain Therapy With Opioids-Reply.,JAMA,Mark C Bicket; Brian T Bateman,2026-Jan-27,335,4,372-373,10.1001/jama.2025.21045,
41428342,An mHealth (Mobile Health) Intervention for Smoking Cessation in People With Tuberculosis: A Cluster Randomized Clinical Trial.,JAMA,Maham Zahid; Fahmidur Rahman; Mahmoud Danaee; Shakhawat Hossain Rana; Asiful Chowdhury; Saeed Ansaari; Ai Keow Lim; Melanie Boeckmann; Steve Parrott; Jinshuo Li; Amina Khan; Rumana Huque; John Norrie; Kamran Siddiqi,2026-Jan-27,335,4,336-344,10.1001/jama.2025.20765,
41428339,An mHealth (Mobile Health) Intervention for Smoking Cessation in People With Tuberculosis: A Cluster Randomized Clinical Trial.,JAMA,,2026-Jan-27,335,4,e2522836,10.1001/jama.2025.22836,
41428296,mHealth Smoking Cessation Treatment for People With Tuberculosis: Time to Move From Exploration to Implementation.,JAMA,Jonathan Shuter; Krishna P Reddy; Donna Shelley,2026-Jan-27,335,4,314-316,10.1001/jama.2025.23909,
41428294,The Art of Prognostication and How to Gamble Without Danger of Losing.,JAMA,,2026-Jan-20,335,3,284,10.1001/jama.2025.15668,
41428286,Long-Term Pain Therapy With Opioids.,JAMA,Lynn R Webster,2026-Jan-27,335,4,372,10.1001/jama.2025.21043,
41428284,Mitigating Suicide Risk for Minors Involving AI Chatbots-A First in the Nation Law.,JAMA,I Glenn Cohen; Julian De Freitas,2026-Jan-27,335,4,301-302,10.1001/jama.2025.23744,
41419371,"Hypoglossal nerve stimulation in the treatment of obstructive sleep apnea: Update on French practices and position paper of the SFRMS, SPLF and SFORL sleep medicine work-group.","European annals of otorhinolaryngology, head and neck diseases",J Frija; E Béquignon; L Laccourreye; I Atallah; F Gagnadoux; R Tamisier,2026-Jan,143,1,40-49,10.1016/j.anorl.2025.11.001,
41417480,GLP-1 Drugs Linked With Chronic Cough.,JAMA,Samantha Anderer,2026-Jan-20,335,3,204,10.1001/jama.2025.20026,
41417478,"FDA to Use Advanced AI for Premarket Reviews, Other Complex Tasks.",JAMA,Shravya Pant,2026-Jan-20,335,3,204,10.1001/jama.2025.20028,
41417267,A New H3N2 Influenza Strain Is Raising Concerns About This Flu Season.,JAMA,Kate Schweitzer,2026-Jan-20,335,3,199-200,10.1001/jama.2025.25205,
41417263,Untreated Sleep Apnea May Elevate Parkinson Disease Risk.,JAMA,Shravya Pant,2026-Jan-20,335,3,204-205,10.1001/jama.2025.20029,
41417262,A Growing Movement Aims to Prepare All Physicians to Care for Older Adults.,JAMA,Emily Harris,2026-Jan-20,335,3,201-203,10.1001/jama.2025.22810,
41417260,"Measles Deaths Decline, but Outbreaks Persist.",JAMA,Samantha Anderer,2026-Jan-20,335,3,204,10.1001/jama.2025.20025,
41417258,Shingles Vaccine May Slow Dementia Progression.,JAMA,Shravya Pant,2026-Jan-20,335,3,204,10.1001/jama.2025.20027,
41417256,Adverse Childhood Experiences Decline in US.,JAMA,Samantha Anderer,2026-Jan-20,335,3,205,10.1001/jama.2025.20030,
41411120,Influenza A(H3N2) Subclade K Virus: Threat and Response.,JAMA,Maria Zambon; Frederick G Hayden,2026-Jan-27,335,4,307-310,10.1001/jama.2025.25903,
41411108,State Vaccine Law and Policy-A New Threat to Public Health.,JAMA,Lawrence O Gostin; Dorit Reiss,2026-Jan-13,335,2,115-116,10.1001/jama.2025.25904,
41411010,Abortion Access in Los Angeles Managed Medicaid Networks.,JAMA,Margot Barker; Mackenzie Bennett; Katrina Reyes; Katrina Heyrana,2026-Jan-27,335,4,364-365,10.1001/jama.2025.21870,
41411002,Overcoming Bias in a Fall Prevention Program in Resource-Limited Areas-Reply.,JAMA,Maoyi Tian; Junyi Peng; Pengpeng Ye,2026-Jan-27,335,4,371-372,10.1001/jama.2025.21039,
41411001,Tiny Bubbles.,JAMA,Erin Bredenberg,2026-Jan-27,335,4,311,10.1001/jama.2025.21709,
41410929,Abstract Factory-Research Culture Harming Medical Education.,JAMA,Samer Al Hadidi; Hira Mian; Rajshekhar Chakraborty; Ghulam Rehman Mohyuddin,2026-Jan-20,335,3,213-214,10.1001/jama.2025.23320,
41410928,Use of Controls in Medical Research.,JAMA,,2026-Jan-13,335,2,189,10.1001/jama.2025.15661,
41410926,Overcoming Bias in a Fall Prevention Program in Resource-Limited Areas.,JAMA,Quan Zhang,2026-Jan-27,335,4,370-371,10.1001/jama.2025.21041,
41410913,AI and Health-The Year in Review.,JAMA,Roy Perlis; Yulin Hswen,2026-Jan-13,335,2,e2522071,10.1001/jama.2025.22071,
41405908,Reinforcement Learning for Finding Optimal Dynamic Treatment Regimes Using Observational Data.,JAMA,Marco Carone; Andrea Rotnitzky,2026-Jan-20,335,3,267-268,10.1001/jama.2025.20541,
41405903,Fetal Vein of Galen Malformation-Reply.,JAMA,Darren Orbach; Alireza Shamshirsaz; Louise Wilkins-Haug,2026-Jan-27,335,4,369-370,10.1001/jama.2025.20914,
41405900,"The False Promise of Restorative Reproductive Medicine-Restricting Access to Care in the Name of ""Natural"" Medicine.",JAMA,Caiyun Liao; Rachel Himel; Amanda N Kallen,2026-Jan-20,335,3,211-212,10.1001/jama.2025.22841,
41405878,Clarification of Noninferiority Wording and Corrected eFigure.,JAMA,,2026-Jan-13,335,2,187,10.1001/jama.2025.25495,
41405872,Fetal Vein of Galen Malformation.,JAMA,Lillian B Boettcher; Sara I Jones; Jeffrey A Kuller,2026-Jan-27,335,4,369,10.1001/jama.2025.20912,
41396589,The Role of Vaccination in Maternal and Perinatal Outcomes Associated With COVID-19 in Pregnancy.,JAMA,Elisabeth McClymont; Sandra Blitz; Lucia Forward; Sara Cole; Gillian D Alton; Isabelle Boucoiran; Krista Cassell; Eliana Castillo; Joan Crane; Verena Kuret; Gaetane LeBlanc Cormier; Phil A Murphy; Vanessa Poliquin; Sarah Saunders; Heather Scott; Prakeshkumar Shah; John W Snelgrove; Ann E Sprague; Mark H Yudin; Deborah Money,2026-Jan-13,335,2,154-162,10.1001/jama.2025.21001,
41396452,Anticoagulation Discontinuation After Catheter Ablation for Atrial Fibrillation-Reply.,JAMA,Boyoung Joung; Daehoon Kim,2026-Jan-27,335,4,368-369,10.1001/jama.2025.20808,
41396446,Anticoagulation Discontinuation After Catheter Ablation for Atrial Fibrillation.,JAMA,Somshukla Ghosh; Douglas Darden,2026-Jan-27,335,4,367-368,10.1001/jama.2025.20810,
41389146,Impact of Sinus Surgery on Bacteriome Composition in Patients With Chronic Rhinosinusitis With Nasal Polyps.,International forum of allergy & rhinology,Maria Vorobeva; Aleksandr iAkushev; Chien-Chang Chen; Masaki Orihara; Nadeem Akbar; Patrick Colley; Esha Sehanobish; Casper Ho Yin Chung; Allison Scott; Erin O'Brien; Connie B Chang; Hirohito Kita; Jovanka Voyich; Kathryn Knoop; Elina Jerschow,2026-Jan,16,1,114-118,10.1002/alr.70082,
41385240,Research of the Year 2025.,JAMA,Jennifer Abbasi; Samantha Anderer; Rita Rubin; Kate Schweitzer,2026-Jan-13,335,2,107-110,10.1001/jama.2025.20503,
41385237,New Calculator Helps Younger Adults Assess CVD Risk.,JAMA,Shravya Pant,2026-Jan-13,335,2,111,10.1001/jama.2025.20019,
41385236,Strides in Cervical Cancer Elimination.,JAMA,Shravya Pant,2026-Jan-13,335,2,111,10.1001/jama.2025.20021,
41385235,ED Head CT Scans Doubled in 15 Years.,JAMA,Shravya Pant,2026-Jan-13,335,2,112,10.1001/jama.2025.20023,
41385234,Chronic Pain Linked to Hypertension.,JAMA,Shravya Pant,2026-Jan-13,335,2,111-112,10.1001/jama.2025.20022,
41385233,Primary Care Physician Burnout Highest in US.,JAMA,Shravya Pant,2026-Jan-13,335,2,111,10.1001/jama.2025.20020,
41385222,Solo Eating Potentially Associated With Poorer Nutrition in Older Adults.,JAMA,Shravya Pant,2026-Jan-13,335,2,112,10.1001/jama.2025.20024,
41379604,Incorrect Fibrosis Stage Range.,JAMA,,2026-Jan-06,335,1,95,10.1001/jama.2025.25366,
41379471,A Review of Melanoma-Reply.,JAMA,Urvashi Mitbander Joshi; Mohammed Kashani-Sabet; John M Kirkwood,2026-Jan-20,335,3,281-282,10.1001/jama.2025.20510,
41379469,Specialties and Specialists.,JAMA,,2026-Jan-06,335,1,98,10.1001/jama.2025.15654,
41379455,Into the Borderland.,JAMA,Michael S Avidan,2026-Jan-20,335,3,215-216,10.1001/jama.2025.20836,
41379452,A Review of Melanoma.,JAMA,Chaojiang Yu; Ran Chen; Hongjian Shan,2026-Jan-20,335,3,280-281,10.1001/jama.2025.20512,
41379435,Trends and Prevalence of the Metabolic Syndrome Among US Adults.,JAMA,Shady Abohashem; Ibrahim Hassan; Jason H Wasfy; Pam R Taub,2026-Jan-20,335,3,274-277,10.1001/jama.2025.21712,
41379434,A Review of Melanoma.,JAMA,Devarati Mitra; Andrew J Bishop; B Ashleigh Guadagnolo,2026-Jan-20,335,3,280,10.1001/jama.2025.20514,
41376460,The Role of Artificial Intelligence in Chronic Rhinosinusitis: A Scoping Review.,International forum of allergy & rhinology,Nicola M Pereira; Sarah J Wie; Karena Zhao; Michelle Demetres; Ashutosh Kacker,2026-Jan,16,1,70-95,10.1002/alr.70078,
41370643,Rhinology Research: Wide Ranging and Robust.,American journal of rhinology & allergy,Daniel M Beswick,2026-Jan,40,1,4-5,10.1177/19458924251398600,
41370048,"Marketization, Commercialization, Corporatization, and Financialization of Health Care.",JAMA,Robert A Phillips; Oghenewoma Oghenesume; Nisarg Shah,2026-Jan-20,335,3,279,10.1001/jama.2025.20340,
41369957,"Marketization, Commercialization, Corporatization, and Financialization of Health Care-Reply.",JAMA,David Blumenthal; Robert Galvin,2026-Jan-20,335,3,279-280,10.1001/jama.2025.20338,
41369927,"A 65-Year-Old With Fatigue, Nausea, and Electrocardiogram Abnormalities.",JAMA,Hiroyuki Yano; Mitsuyo Kinjo,2026-Jan-13,335,2,177-178,10.1001/jama.2025.20304,
41369925,When Words Disappear-How Banning Words Imperils Health Care Communication.,JAMA,Nupur Agrawal; Keith C Norris,2026-Jan-06,335,1,17-18,10.1001/jama.2025.21466,
41359350,Toripalimab-Based Therapy Without Concurrent Cisplatin for Nasopharyngeal Carcinoma-Reply.,JAMA,Cheng Xu; Ji-Bin Li; Jun Ma,2026-Jan-20,335,3,278-279,10.1001/jama.2025.20100,
41359328,Toripalimab-Based Therapy Without Concurrent Cisplatin for Nasopharyngeal Carcinoma.,JAMA,Gonca Altinisik Inan,2026-Jan-20,335,3,277,10.1001/jama.2025.20102,
41359326,Trends in Vitamin K Administration Among Infants.,JAMA,Kristan Scott; Evan Miller; Jennifer F Culhane; Jay Greenspan; Sara C Handley; Justin Y Lo; Lindsey A Knake; Kathryn M McKenney; Heather H Burris; Kevin Dysart,2026-Jan-20,335,3,272-274,10.1001/jama.2025.21460,
41359322,Author Omission.,JAMA,,2026-Jan-06,335,1,95,10.1001/jama.2025.24259,
41359312,Toripalimab-Based Therapy Without Concurrent Cisplatin for Nasopharyngeal Carcinoma.,JAMA,Lanwei Guo,2026-Jan-20,335,3,277-278,10.1001/jama.2025.20104,
41359310,Advancing CAR T-Cell Therapy: Evidence-Based Trial Design for Chimeric Antigen Receptor T-Cell Therapy in Oncology.,JAMA,Upendra Mahat; Asha Das; Vijay Kumar; Vinay Prasad,2026-Jan-06,335,1,21-24,10.1001/jama.2025.21721,
41353055,Sex and survival in oropharyngeal squamous cell carcinoma: A systematic review and meta-analysis.,"European annals of otorhinolaryngology, head and neck diseases",W B Chun; E S Chernov; K Chen; S A Nguyen; A R Marrero-Gonzalez; M N Stevens; A V Drawdy; A E Kejner,2026-Jan,143,1,30-39,10.1016/j.anorl.2025.11.005,
41348439,FDA Removes Some Warnings on Menopause Hormone Therapies.,JAMA,Shravya Pant,2026-Jan-06,335,1,12,10.1001/jama.2025.20011,
41348437,New Standards Set for Sickle Cell Disease Care.,JAMA,Samantha Anderer,2026-Jan-06,335,1,13,10.1001/jama.2025.20016,
41348435,WHO Releases First Global Guidelines for Diabetes Management in Pregnancy.,JAMA,Samantha Anderer,2026-Jan-06,335,1,12,10.1001/jama.2025.20013,
41348370,Recommendations for Outpatient Care Following Traumatic Brain Injury.,JAMA,Samantha Anderer,2026-Jan-06,335,1,12,10.1001/jama.2025.20014,
41348368,Ultraprocessed Foods Linked to Signs of Early-Onset Colorectal Cancer in Women.,JAMA,Shravya Pant,2026-Jan-06,335,1,12-13,10.1001/jama.2025.20015,
41348343,"Coffee and AFib, Oral PCSK9 Drugs, an HFrEF Polypill, and Vitamin D Post-MI-Highlights From AHA 2025.",JAMA,Jennifer Abbasi,2026-Jan-06,335,1,10-11,10.1001/jama.2025.22800,
41348342,"Alzheimer Disease Blood Test Cleared for Primary Care, but Questions Remain About Its Use.",JAMA,Rita Rubin,2026-Jan-06,335,1,7-9,10.1001/jama.2025.21573,
41348341,Hypertension Among Children Has Increased Significantly.,JAMA,Samantha Anderer,2026-Jan-06,335,1,12,10.1001/jama.2025.20012,
41346192,"Response to the Letter to Editor Regarding ""The Optimal Cut-Point of Tissue Eosinophil Count for Clinical Severity of Patients With Chronic Rhinosinusitis"".",International forum of allergy & rhinology,Minh P Hoang; Jompol Samuthpongtorn; Wirach Chitsuthipakorn; Kachorn Seresirikachorn; Kornkiat Snidvongs,2026-Jan,16,1,123-124,10.1002/alr.70081,
41343190,A Review of Hemorrhoidal Disease.,JAMA,Carlotta La Raja; Francesca Lecchi; Angelo Stuto,2026-Jan-13,335,2,185,10.1001/jama.2025.20039,
41343187,A Review of Hemorrhoidal Disease-Reply.,JAMA,Jean H Ashburn,2026-Jan-13,335,2,186-187,10.1001/jama.2025.20045,
41343186,Incorrect Values for Baseline Variables in Table 1.,JAMA,,2026-Jan-06,335,1,94-95,10.1001/jama.2025.23530,
41343182,A Review of Hemorrhoidal Disease.,JAMA,Francesco Pata; Gianpiero Gravante; Bruno Nardo,2026-Jan-13,335,2,186,10.1001/jama.2025.20041,
41343174,A Review of Hemorrhoidal Disease.,JAMA,Fariba Pourkarim; Taher Entezari-Maleki,2026-Jan-13,335,2,185-186,10.1001/jama.2025.20043,
41343172,Real-World Evidence for Medicare Drug Price Negotiations.,JAMA,Colleen Carey; Matthew L Maciejewski,2026-Jan-06,335,1,15-16,10.1001/jama.2025.21498,
41343157,From the Other Side of the Bed.,JAMA,Lorna R Thomson,2026-Jan-06,335,1,25-26,10.1001/jama.2025.19184,
41335448,"Sacubitril/Valsartan vs Enalapril in Heart Failure Due to Chagas Disease: An Open-Label, Multicenter Randomized Clinical Trial.",JAMA,Renato D Lopes; Edimar Alcides Bocchi; Luis Eduardo Echeverría; Caroline Demacq; Pedro Gabriel Melo de Barros E Silva; Lilian Mazza Barbosa; Lucas Damiani; Sarfaraz Sayyed; Liandra A F Yoshida; Remo Holanda M Furtado; Carlos A Morillo; Ruben Kevorkian; Felix Ramires; M Cecilia Bahit; Antonio Magaña; Adolfo Chávez-Mendoza; Adegil Henrique Miguel da Silva; Aguinaldo Coelho da Silva; Aguinaldo F Freitas; Alfredo Alejandro Romano; Anne Parneix; Armando Segura; Cesar Cassio Broilo França; Cristian Edgardo Botta; Edileide de Barros; Eduardo Roque Perna; Eleonora Montenegro; Franklin Roberto Quiroz Diaz; Gilson Soares Feitosa-Filho; Graciela Viviana Severini; Israel Molina; Jacqueline Dos Santos Sampaio Miranda; Jorgelina Sala; José Francisco Kerr Saraiva; Justo Carbajales; Lilia Nigro Maia; Luiz Carlos Santana Passos; Marcus Vinicius Simões; Maria da Consolação V Moreira; Maria Carmo P Nunes; Mauro Esteves Hernandes; Miguel Hominal; Raquel Saa Zarandon; Ricardo Leon de la Fuente; Roque Aras; Silméia Garcia Zanati Bazan; Telêmaco Luiz da Silva; Vagner Madrini; Wilson Alves de Oliveira; Wladmir Faustino Saporito; Claudio Gimpelewicz; John J V McMurray,2026-Jan-06,335,1,49-59,10.1001/jama.2025.19808,
41335447,Sacubitril/Valsartan vs Enalapril in Heart Failure Due to Chagas Disease: Research Summary.,JAMA,,2026-Jan-06,335,1,e2522829,10.1001/jama.2025.22829,
41335445,Alteplase 4.5 to 24 Hours After Acute Ischemic Stroke.,JAMA,Renxian Xie; Lifeng Xiao,2026-Jan-13,335,2,184,10.1001/jama.2025.19376,
41335429,Alteplase 4.5 to 24 Hours After Acute Ischemic Stroke.,JAMA,Taichi Nakazawa; Yasuhiro Norisue,2026-Jan-13,335,2,183-184,10.1001/jama.2025.19378,
41335417,New Guidance on Responsible Use of AI.,JAMA,Sofia Palmieri; Christopher T Robertson; I Glenn Cohen,2026-Jan-20,335,3,207-208,10.1001/jama.2025.23059,
41335411,ARNI Over ACEI Lacks Clinical Benefit in Patients With Chagas Cardiomyopathy.,JAMA,Robert L Gottlieb; Melina Giugni; Ricardo M La Hoz,2026-Jan-06,335,1,30-32,10.1001/jama.2025.23291,
41335407,Alteplase 4.5 to 24 Hours After Acute Ischemic Stroke-Reply.,JAMA,Ying Zhou; Bruce C V Campbell; Min Lou,2026-Jan-13,335,2,184-185,10.1001/jama.2025.19380,
41335404,"Climate Change, Allergic Rhinitis, and Sinusitis.",JAMA,Duncan A Meiklejohn; Neelima Tummala; M Lauren Lalakea,2026-Jan-13,335,2,175-176,10.1001/jama.2025.19748,
41329027,A Tissue Eosinophil Cut-Off Value That Derives From Treatment Outcome Holds Greater Clinical Significance.,International forum of allergy & rhinology,Mu Xian; Chengshuo Wang; Luo Zhang,2026-Jan,16,1,121-122,10.1002/alr.70079,
41325100,World AIDS Day-At a Crossroads.,JAMA,Anna K Person; Colleen F Kelley,2026-Jan-20,335,3,209-210,10.1001/jama.2025.23506,
41324946,Levosimendan to Facilitate Weaning From ECMO in Patients With Severe Cardiogenic Shock: The LEVOECMO Randomized Clinical Trial.,JAMA,Alain Combes; Ouriel Saura; Nicolas Nesseler; Said Lebbah; Bertrand Rozec; Bruno Levy; Jean-Luc Fellahi; Antoine Beurton; Simon Meslin; Philippe Gaudard; Adrien Bouglé; André Vincentelli; Romain Sonneville; Guillaume Lebreton; David Lévy; Alexandre Ouattara; Florence Tubach,2026-Jan-06,335,1,60-69,10.1001/jama.2025.19843,
41324935,Levosimendan to Facilitate Weaning From ECMO in Patients With Severe Cardiogenic Shock: Research Summary.,JAMA,,2026-Jan-06,335,1,e2522261,10.1001/jama.2025.22261,
41324932,Alcohol and Cancer.,JAMA,Joanna M Streck; Lori J Wirth; Elyse R Park,2026-Jan-06,335,1,93-94,10.1001/jama.2025.19210,
41324920,Alcohol and Cancer-Reply.,JAMA,Kenneth L Morford; Jeanette M Tetrault; Patrick G O'Connor,2026-Jan-06,335,1,94,10.1001/jama.2025.19212,
41324919,Levosimendan and Weaning From VA-ECMO.,JAMA,Mark H Drazner,2026-Jan-06,335,1,33-34,10.1001/jama.2025.20299,
41324918,Combination-Only Approvals as a Barrier to Affordable HIV Care.,JAMA,S Sean Tu; Timothy Bonis; Michael S Sinha; David H Slade,2026-Jan-06,335,1,19-20,10.1001/jama.2025.21935,
41319160,Correspondence: The Optimal Cut-Point of Tissue Eosinophil Count for Clinical Severity of Patients With Chronic Rhinosinusitis.,International forum of allergy & rhinology,Justin H Turner,2026-Jan,16,1,119-120,10.1002/alr.70080,
41317131,Eosinophil Peroxidase as a Dynamic Indicator of Treatment Response in Eosinophilic Chronic Rhinosinusitis.,International forum of allergy & rhinology,Jacquelyn K Callander; Annabelle R Charbit; Camryn Marshall; Kritika Khanna; Steven D Pletcher; Jose G Gurrola; Andrew H Murr; Monica Tang; Andrew N Goldberg; Patricia A Loftus,2026-Jan,16,1,110-113,10.1002/alr.70076,
41296368,Therapeutic Use of Cannabis and Cannabinoids: A Review.,JAMA,Michael Hsu; Arya Shah; Ayana Jordan; Mark S Gold; Kevin P Hill,2026-Jan-27,335,4,345-359,10.1001/jama.2025.19433,
41296366,Federal Loans Among US Medical Students.,JAMA,Tarun Ramesh; Kushal T Kadakia; Michael Liu; Hao Yu,2026-Jan-13,335,2,179-181,10.1001/jama.2025.20905,
41296350,"Suicides and Overdoses During the 2023 Wildfires in Maui, Hawai'i.",JAMA,Gerald Busch,2026-Jan-06,335,1,92,10.1001/jama.2025.18573,
41296348,"Suicides and Overdoses During the 2023 Wildfires in Maui, Hawai'i-Reply.",JAMA,Jonathan Purtle; Joseph Keawe'aimoku Kaholokula; Alexander N Ortega,2026-Jan-06,335,1,92-93,10.1001/jama.2025.18575,
41296327,Trends in Injecting Methamphetamine and Opioids Among People Who Inject Drugs in the US.,JAMA,Angela D'Adamo; Becky L Genberg; Noa Krawczyk; Jacqueline E Rudolph; Shruti H Mehta; Aaron A R Tobian; Eshan U Patel,2026-Jan-06,335,1,88-90,10.1001/jama.2025.20347,
41284289,Informing Patients About Use of AI Tools.,JAMA,Alison Weightman; Philip Clayton; Simon Coghlan,2026-Jan-06,335,1,90-91,10.1001/jama.2025.18504,
41284277,Informing Patients About Use of AI Tools-Reply.,JAMA,Michelle M Mello; Danton Char; Sonnet H Xu,2026-Jan-06,335,1,91-92,10.1001/jama.2025.18506,
41277387,Association of In-Office Sclerotherapy With Epistaxis Severity and Quality-of-Life in Hereditary Hemorrhagic Telangiectasia.,International forum of allergy & rhinology,Jenny Ji; Amy E Ensing; Firas Hentati; Andrew M Peterson; Dorina Kallogjeri; Jay F Piccirillo,2026-Jan,16,1,102-106,10.1002/alr.70069,
41277306,Psychological Impact of Biologic Therapy in CRSwNP: A Pilot Study.,International forum of allergy & rhinology,Alessandro Maselli Del Giudice; Alessandra Sicolo; Alessandro Mario Annarelli; Michele Cassano; Matteo Gelardi,2026-Jan,16,1,107-109,10.1002/alr.70070,
41269030,"Real-World Treatment Patterns in AERD: An Analysis of ATAD, Biologics, and Combination Therapy.",International forum of allergy & rhinology,Nitish Kumar; Tyson Pace; Pedro Lança Gomes; Michael J Marino; Amar Miglani; Devyani Lal,2026-Jan,16,1,99-101,10.1002/alr.70072,
41264303,"Errors in Methods, Results, and Discussion Sections.",JAMA otolaryngology-- head & neck surgery,,2026-Jan-01,152,1,106,10.1001/jamaoto.2025.4563,
41264298,What Is Osteoporosis?,JAMA,Rebecca Voelker,2026-Jan-27,335,4,378,10.1001/jama.2025.17692,
41264283,AI-Days of Future Past.,JAMA,Yulin Hswen,2026-Jan-06,335,1,35,10.1001/jama.2025.21103,
41247746,Peripheral Neuropathy: A Review.,JAMA,Michelle L Mauermann; Nathan P Staff,2026-Jan-20,335,3,255-266,10.1001/jama.2025.19400,
41233267,Fracture-associated osteomalacia and sinonasal lesion.,"European annals of otorhinolaryngology, head and neck diseases",A Villard; T Chazal; M Veyrat,2026-Jan,143,1,68-69,10.1016/j.anorl.2025.10.011,
41231668,"CDC's Failure to Recommend COVID-19 Vaccination-""Shared Clinical Decision-Making"" Is Abdication of Responsibility.",JAMA,Thomas R Frieden; William Schaffner; Joshua M Sharfstein,2026-Jan-13,335,2,113-114,10.1001/jama.2025.22473,
41231663,Food and Nutrition in the MAHA Strategy-Promise and Peril.,JAMA,Dariush Mozaffarian; Emily A Callahan; William H Frist,2026-Jan-13,335,2,119-121,10.1001/jama.2025.22358,
41231515,What Is Diverticulitis?,JAMA,Shreya Narayanan; Christopher D Jackson,2026-Jan-06,335,1,102,10.1001/jama.2025.17403,
41231509,Evaluation of Practice Patterns for 6-Sinus Balloon Sinus Dilation.,JAMA otolaryngology-- head & neck surgery,Kristine A Smith; Nyssa Fox Farrell; Alexander Romashko; Dorina Kallogjeri; Matthew P Sáenz; Jay F Piccirillo,2026-Jan-01,152,1,47-52,10.1001/jamaoto.2025.4017,
41231503,A 13-Year-Old Male With Parotid Region Mass.,JAMA otolaryngology-- head & neck surgery,Rong-Hui Xia; Jia-Jun Qian; Jiang Li,2026-Jan-01,152,1,93-94,10.1001/jamaoto.2025.3895,
41231500,Balloon Sinus Dilation-To Inflate or Not to Inflate.,JAMA otolaryngology-- head & neck surgery,Alla Y Solyar; Donald C Lanza; David W Kennedy,2026-Jan-01,152,1,58-59,10.1001/jamaoto.2025.4016,
41231496,Mouth Ulcers.,JAMA otolaryngology-- head & neck surgery,Edward S Sim; Jennie Ison; Melina J Windon,2026-Jan-01,152,1,107,10.1001/jamaoto.2025.3753,
41231495,Preoperative Computed Tomography Utilization in Patients Undergoing Balloon Sinus Dilation.,JAMA otolaryngology-- head & neck surgery,Alexander A Romashko; Nyssa Fox Farrell; Dorina Kallogjeri; Matthew P Sáenz; Kristine A Smith; Jay F Piccirillo,2026-Jan-01,152,1,53-57,10.1001/jamaoto.2025.4030,
41231491,"Errors in Specificity/Sensitivity Labels in Text, Table 2, and Figure 2.",JAMA otolaryngology-- head & neck surgery,,2026-Jan-01,152,1,106,10.1001/jamaoto.2025.4384,
41231490,Balloon Sinus Dilation Use.,JAMA otolaryngology-- head & neck surgery,Matthew P Sáenz; Nyssa Fox Farrell; Alexander Romashko; Kristine A Smith; Dorina Kallogjeri; Jay F Piccirillo,2026-Jan-01,152,1,95-96,10.1001/jamaoto.2025.4024,
41231484,Deep Learning in Otolaryngology: A Narrative Review.,JAMA otolaryngology-- head & neck surgery,Sergio L Novi; Nithya Navarathna; Marcel D'Cruz; Justin R Brooks; Bradley A Maron; Amal Isaiah,2026-Jan-01,152,1,71-80,10.1001/jamaoto.2025.3911,
41231483,Do Updated Calcitonin Thresholds More Accurately Predict Lymph Node Metastasis in Medullary Thyroid Cancer?-Reply.,JAMA otolaryngology-- head & neck surgery,Yuxin Du; Yu Wang,2026-Jan-01,152,1,105-106,10.1001/jamaoto.2025.4010,
41231482,High-Engagement Social Media Posts Related to Prescription Drug Promotion for 3 Major Drug Classes.,JAMA,Alex Kresovich; Hy Tran; Haoyu Shi; Kristen Hayashi; Millie R Dibble; Lia Martinez; Sherry L Emery,2026-Jan-13,335,2,181-183,10.1001/jama.2025.19754,
41231479,"Shifting the AI Questions in Otolaryngology From ""Can We Build a Model?"" to ""Will It Improve Patient Care?"".",JAMA otolaryngology-- head & neck surgery,Cole Pavelchek; Matthew A Shew,2026-Jan-01,152,1,81-82,10.1001/jamaoto.2025.3974,
41231478,Do Updated Calcitonin Thresholds More Accurately Predict Lymph Node Metastasis in Medullary Thyroid Cancer?,JAMA otolaryngology-- head & neck surgery,Agostino Colli,2026-Jan-01,152,1,105,10.1001/jamaoto.2025.4013,
41231449,Errors in Author Byline and Contributions.,JAMA otolaryngology-- head & neck surgery,,2026-Jan-01,152,1,106,10.1001/jamaoto.2025.4615,
41222951,Dental Caries in Adults.,JAMA,Elizabeth Alpert; Hugh Silk; Lisa Simon,2026-Jan-06,335,1,82-83,10.1001/jama.2025.19029,
41212720,Updated Labeling for Menopausal Hormone Therapy.,JAMA,Martin A Makary; Christine P Nguyen; Tracy Beth Høeg; George F Tidmarsh,2026-Jan-13,335,2,117-118,10.1001/jama.2025.22259,
41212550,Metabolic Dysfunction-Associated Steatotic Liver Disease in Adults: A Review.,JAMA,Herbert Tilg; Salvatore Petta; Norbert Stefan; Giovanni Targher,2026-Jan-13,335,2,163-174,10.1001/jama.2025.19615,
41212548,Primary Biliary Cholangitis.,JAMA,Michele M Tana; Gideon M Hirschfield,2026-Jan-20,335,3,269-270,10.1001/jama.2025.20067,
41208533,Saddle Nose Deformity in Granulomatosis With Polyangiitis: Clinical and Radiologic Predictors From a Multicenter Cohort.,International forum of allergy & rhinology,Nitish Kumar; Gaurav Jategaonkar; Stephen F Bansberg; Michael J Marino; Devyani Lal; Amar Miglani,2026-Jan,16,1,96-98,10.1002/alr.70065,
41206974,Beyond Statins-Expanding the Arsenal of Lipid-Lowering Therapies.,JAMA,Michelle L O'Donoghue; Nicholas A Marston,2026-Jan-13,335,2,124-125,10.1001/jama.2025.20965,
41206973,DASH-Patterned Groceries and Effects on Blood Pressure: The GoFresh Randomized Clinical Trial.,JAMA,Stephen P Juraschek; Hannah Col; Kayla Ferro; Ruth-Alma N Turkson-Ocran; Jennifer L Cluett; Roger B Davis; Kristen M Kraemer; Kathy McManus; Kenneth J Mukamal; Emily L Aidoo; Fredrick Larbi Kwapong; Marian Budu; Dhrumil Patil; Sarah Nartey; Jacqueline Michetti; Sofia Allison; Manfred Mate-Kole; Jingyi Cao; Benjamin Grobman; Reva Seager; Anika L Hines; Edgar R Miller; Deidra C Crews; Stephanie L Fitzpatrick,2026-Jan-06,335,1,36-48,10.1001/jama.2025.21112,
41206972,"Medically Tailored Groceries for Blood Pressure Control: Promise, Progress, and Need for Optimal Design.",JAMA,Dariush Mozaffarian,2026-Jan-06,335,1,27-29,10.1001/jama.2025.20943,
41206971,Childhood Cholesterol Screening Is Not Cost-Effective.,JAMA,Matthew W Gillman,2026-Jan-13,335,2,126-128,10.1001/jama.2025.20945,
41206969,Efficacy and Safety of Oral PCSK9 Inhibitor Enlicitide in Adults With Heterozygous Familial Hypercholesterolemia: A Randomized Clinical Trial.,JAMA,Christie M Ballantyne; Laura Gellis; Jean-Claude Tardif; Puja Banka; Ann Marie Navar; Emil Andreas Asprusten; Russell Scott; Erik S G Stroes; Samar Froman; Geraldine Mendizabal; Fan Wang; Alberico L Catapano,2026-Jan-13,335,2,129-139,10.1001/jama.2025.20620,
41206967,Familial Hypercholesterolemia Screening in Childhood and Early Adulthood: A Cost-Effectiveness Study.,JAMA,Brandon K Bellows; Yiyi Zhang; Natalia Ruiz-Negrón; Dhruv S Kazi; Amit V Khera; Jessica G Woo; Elaine M Urbina; David R Jacobs; Norrina B Allen; John B Wong; Sarah D de Ferranti; Andrew E Moran,2026-Jan-13,335,2,140-153,10.1001/jama.2025.20648,
41206900,Coronary Computed Tomography Angiography in Prediction of First Coronary Events.,JAMA,Göran Bergström; Gunnar Engström; Elias Björnson; Martin Adiels; Jonas S O Andersson; Therese Andersson; Carl-Johan Carlhäll; Kerstin Cederlund; David Erlinge; Erika Fagman; Elin Good; Anders Gummesson; Emil Hagström; Stefan James; Magnus Janzon; Ioannis Katsoularis; Jeanette Kuhl; Henrik Löfmark; Hanna Markstad; Jonas Oldgren; Viktor Oskarsson; Ellen Ostenfeld; Anders Persson; Adrian Pistea; Annika Rosengren; Jonas Spaak; Johan Sundström; Stefan Söderberg; Erik Thunström; Carl Johan Östgren; Lars Lind; Tomas Jernberg,2026-Jan-20,335,3,245-254,10.1001/jama.2025.21077,
41206802,Caffeinated Coffee Consumption or Abstinence to Reduce Atrial Fibrillation: The DECAF Randomized Clinical Trial.,JAMA,Christopher X Wong; Christopher C Cheung; Gabrielle Montenegro; Hannah H Oo; Isabella J Peña; Janet J Tang; Samuel J Tu; Grace Wall; Thomas A Dewland; Joshua D Moss; Edward P Gerstenfeld; Zian H Tseng; Henry H Hsia; Randall J Lee; Jeffrey E Olgin; Vasanth Vedantham; Melvin M Scheinman; Catherine Lee; Prashanthan Sanders; Gregory M Marcus,2026-Jan-27,335,4,317-325,10.1001/jama.2025.21056,
41206801,Caffeinated Coffee Consumption or Abstinence to Reduce Atrial Fibrillation: Research Summary.,JAMA,,2026-Jan-27,335,4,e2521768,10.1001/jama.2025.21768,
41203233,Time for Broader Adoption of SGLT2 Inhibitors in Clinical Practice?,JAMA,L Parker Gregg; Biykem Bozkurt; Sankar D Navaneethan,2026-Jan-20,335,3,217-219,10.1001/jama.2025.21336,
41203232,SGLT2 Inhibitors and Kidney Outcomes by Glomerular Filtration Rate and Albuminuria: A Meta-Analysis.,JAMA,Brendon L Neuen; Robert A Fletcher; Stefan D Anker; Deepak L Bhatt; Javed Butler; David Z I Cherney; Kieran F Docherty; Silvio E Inzucchi; Meg J Jardine; Kenneth W Mahaffey; Finnian R McCausland; Darren K McGuire; John J V McMurray; Bruce Neal; Milton Packer; Siddharth M Patel; Vlado Perkovic; Marc S Sabatine; Rebecca J Sardell; Scott D Solomon; Muthiah Vaduganathan; Christoph Wanner; David C Wheeler; Faiez Zannad; Richard Haynes; Natalie Staplin; William G Herrington; Hiddo J L Heerspink,2026-Jan-20,335,3,233-244,10.1001/jama.2025.20834,
41202034,Sliver of Hope.,JAMA,Aditya S Pawar,2026-Jan-13,335,2,122-123,10.1001/jama.2025.20418,
41202026,Effects of Sodium Glucose Cotransporter 2 Inhibitors by Diabetes Status and Level of Albuminuria: A Meta-Analysis.,JAMA,Natalie Staplin; Alistair J Roddick; Brendon L Neuen; Stefan D Anker; Deepak L Bhatt; Javed Butler; David Z Cherney; Kieran F Docherty; Robert A Fletcher; Silvio E Inzucchi; Meg Jardine; Kenneth W Mahaffey; Darren K McGuire; John J V McMurray; Bruce Neal; Milton Packer; Siddharth M Patel; Vlado Perkovic; Marc S Sabatine; Scott Solomon; Muthiah Vaduganathan; Christoph Wanner; David C Wheeler; Faiez Zannad; Richard Haynes; Hiddo J L Heerspink; William G Herrington,2026-Jan-20,335,3,220-232,10.1001/jama.2025.20835,
41201902,A-E-I-O-U and Sometimes Why-Dialysis in Acute Kidney Injury.,JAMA,Sushrut S Waikar,2026-Jan-27,335,4,312-313,10.1001/jama.2025.21618,
41201895,A Conservative Dialysis Strategy and Kidney Function Recovery in Dialysis-Requiring Acute Kidney Injury: The Liberation From Acute Dialysis (LIBERATE-D) Randomized Clinical Trial.,JAMA,Kathleen D Liu; Edward D Siew; Delphine S Tuot; Anitha Vijayan; Gonzalo Matzumura Umemoto; Bethany C Birkelo; Benjamin J Lee; Y Diana Kwong; Ian E McCoy; Kevin Delucchi; Hanjing Zhuo; Chi-Yuan Hsu,2026-Jan-27,335,4,326-335,10.1001/jama.2025.21530,
41193300,Is being a surgeon bad for your health?,"European annals of otorhinolaryngology, head and neck diseases",C-A Righini,2026-Jan,143,1,4-6,10.1016/j.anorl.2025.10.010,
41191367,Classification and Risk Assessment of Chronic Kidney Disease.,JAMA,Samantha Gunning; Jason Alexander,2026-Jan-06,335,1,84-85,10.1001/jama.2025.18457,
41182882,Combining Medications With Bariatric Surgery to Treat Obesity.,JAMA,John Magaña Morton,2026-Jan-27,335,4,360-361,10.1001/jama.2025.20301,
41178695,A Randomized Controlled Trial of Intraoperative Nerve Monitoring in Resident-Performed Thyroidectomy.,The Laryngoscope,Prachya Maneeprasopchoke; Thikhampone Chayasitthangkul; Cheerasook Chongkolwatana; Saowapark Chumpathong; Gregory W Randolph; Marika D Russell; Amr H Abdelhamid-Ahmed; Paveena Pithuksurachai,2026-Jan,136,1,505-513,10.1002/lary.70248,
41165715,Olfaction and Coronary Heart Disease.,JAMA otolaryngology-- head & neck surgery,Keran W Chamberlin; Chenxi Li; Anna Kucharska-Newton; Zhehui Luo; Mathew Reeves; Srishti Shrestha; Jayant M Pinto; Jennifer A Deal; Vidyulata Kamath; David Couper; Thomas H Mosley; Honglei Chen,2026-Jan-01,152,1,27-35,10.1001/jamaoto.2025.3740,
41165699,Proton Beam vs Intensity-Modulated Radiotherapy in Olfactory Neuroblastoma.,JAMA otolaryngology-- head & neck surgery,Anthony Tang; Samuel Adida; Jack Donohue; Brennan Olson; Elise Krippaehne; Pooya Roozdar; Kaitlin Goetschel; Guilherme Gago; Joao Paulo Almeida; Pierre-Olivier Champagne; Juan C Fernandez-Miranda; Paul Gardner; Peter H Hwang; Jayakar V Nayak; Chirag Patel; Zara M Patel; Maria Peris Celda; Carlos Pinheiro-Neto; David M Routman; Olabisi Sanusi; Carl H Snyderman; Brian D Thorp; Jamie J Van Gompel; Georgios A Zenonos; Nathan T Zwagerman; Christopher Wilke; Eric W Wang; Mathew Geltzeiler; Garret Choby,2026-Jan-01,152,1,60-64,10.1001/jamaoto.2025.3816,
41165685,Gingival Swelling and Frequent Epistaxis in an Older Woman.,JAMA otolaryngology-- head & neck surgery,Giuseppe Colella; Ciro Emiliano Boschetti; Nicola Cirillo,2026-Jan-01,152,1,89-90,10.1001/jamaoto.2025.3587,
41165681,What Is Uveitis?,JAMA,Maria Isabel Angulo; Miguel Barajas; Monica Vela,2026-Jan-13,335,2,192,10.1001/jama.2025.16917,
41165679,A Rare Presentation of a Sinonasal Tumor.,JAMA otolaryngology-- head & neck surgery,Thomas Radulesco; Dario Ebode; Justin Michel,2026-Jan-01,152,1,98-99,10.1001/jamaoto.2025.3715,
41165676,Keratinocyte Carcinoma: A Review.,JAMA,Mackenzie R Wehner,2026-Jan-06,335,1,70-81,10.1001/jama.2025.18749,
41165672,Protecting the Contralateral Palatine Tonsil.,JAMA otolaryngology-- head & neck surgery,Eleni M Rettig; Michelle Chen; Kathryn M Van Abel,2026-Jan-01,152,1,101,10.1001/jamaoto.2025.3318,
41159249,In Response to Parotid Pleomorphic Adenoma and Apparent Diffusion Coefficient.,The Laryngoscope,Audrey Abend; Graham Keir; Karthik Krishnan; Jessica Kim; Sara Strauss; David Kutler,2026-Jan,136,1,E9-E10,10.1002/lary.70064,
41147520,Performing a Pediatric Tracheostomy May Be an Ethical Dilemma.,The Laryngoscope,Anna H Messner,2026-Jan,136,1,12-13,10.1002/lary.70212,
41130891,Journal white-list versus special issues.,"European annals of otorhinolaryngology, head and neck diseases",F Simon; M Mondain; E Serrano; V Couloigner; C Parietti-Winkler; F Denoyelle,2026-Jan,143,1,1-3,10.1016/j.anorl.2025.10.005,
41129174,Woman Presenting With Calvarial Mass.,JAMA otolaryngology-- head & neck surgery,Carine Tamamian; Jingjing Hu; Theresa Guo,2026-Jan-01,152,1,83-84,10.1001/jamaoto.2025.3474,
41129161,Biological Sex and Chronic Rhinosinusitis Diagnosis and Biomarkers.,JAMA otolaryngology-- head & neck surgery,Richard G Chiu; Abraham Ahn; Kamal Eldeirawi; Anthony I Dick; Sharmilee M Nyenhuis; Thasarat Sutabutr Vajaranant; Rachel Caskey; Victoria S Lee,2026-Jan-01,152,1,18-26,10.1001/jamaoto.2025.3734,
41129143,Oral Nicotine Pouches-Concerns for Otolaryngologists.,JAMA otolaryngology-- head & neck surgery,Sophia Chen; Matthew Ern Lin; Tom Maxim; Maie A St John,2026-Jan-01,152,1,5-6,10.1001/jamaoto.2025.3566,
41129139,Patient With a Cough and Calcified Cervical Lymphadenopathy.,JAMA otolaryngology-- head & neck surgery,Wassim Najjar; Stanley M Chen Cardenas; Leila J Mady,2026-Jan-01,152,1,87-88,10.1001/jamaoto.2025.3545,
41123923,"Poverty, Food Insecurity, and Housing Instability Among US Health Care Workers.",JAMA,Anthony Zhong; Chloe Gao; Donald Szlosek; Dang Nguyen; Maelys J Amat; Russell S Phillips,2026-Jan-06,335,1,86-88,10.1001/jama.2025.17422,
41100124,Midline Tongue Defect in a Pediatric Patient.,JAMA otolaryngology-- head & neck surgery,Katherine C Babin; Kaylee Zettler; Jeffrey Carron,2026-Jan-01,152,1,85-86,10.1001/jamaoto.2025.3479,
41100100,Diagnosis of Ossification of the Chorda Tympani Nerve by Photon-Counting CT.,JAMA otolaryngology-- head & neck surgery,Maria-Pia Tuset; Gabriel Garcia; Mary Daval; Julien Savatovsky; Denis Ayache; Guillaume Poillon,2026-Jan-01,152,1,96-98,10.1001/jamaoto.2025.3570,
41100094,Reflux Medication and Supraglottoplasty in Infant Laryngomalacia.,JAMA otolaryngology-- head & neck surgery,Toluwaniose Nafiu,2026-Jan-01,152,1,99-100,10.1001/jamaoto.2025.3560,
41100093,Reflux Medication and Supraglottoplasty in Infant Laryngomalacia-Reply.,JAMA otolaryngology-- head & neck surgery,Habib G Zalzal; George H Zalzal,2026-Jan-01,152,1,100-101,10.1001/jamaoto.2025.3557,
41091890,The Role of Race and Ethnicity in Chronic Rhinosinusitis With Nasal Polyps: A Scoping Review.,American journal of rhinology & allergy,Arthur W Wu; Mishek Thapa; Mahdi Alghezi; Eugene Oh; Hector A Perez; Dennis M Tang; Yi-Tsen Lin; Aria Jafari; Waleed M Abuzeid,2026-Jan,40,1,81-90,10.1177/19458924251384391,
41069023,Divergent Risk Patterns of Upper Airway Inflammation in Autoimmune Diseases: A Nationwide Retrospective Analysis.,American journal of rhinology & allergy,Jessan A Jishu; Cameron Galic; Abdelrahman Shata; Gabriel J Montclare; Hunter Leggett; Reyna Halalsheh; Manal S Fawzy; Eman A Toraih,2026-Jan,40,1,72-80,10.1177/19458924251386200,
41053966,Prospective Study of Long-Term Outcomes and the Patient Experience With Superior Laryngeal Nerve Block for Chronic Cough.,The Laryngoscope,Andrew T Peachman; Zachary T Root; Mohammad Bilal Alsavaf; Brandon Kim; Brad W deSilva; Laura Matrka,2026-Jan,136,1,262-272,10.1002/lary.70011,
41026796,Evaluation of Disparities in Management of Chronic Rhinosinusitis by Race and Ethnicity: An All of Us Research Program Study.,American journal of rhinology & allergy,Christina Zhu; Wynne Zheng; Emily Clementi; Maeen Arslan; Christopher Guirguis; Daniel Spielman,2026-Jan,40,1,64-71,10.1177/19458924251383016,
41026592,Artificial Intelligence Model for Imaging-Based Extranodal Extension Detection and Outcome Prediction in Human Papillomavirus-Positive Oropharyngeal Cancer.,JAMA otolaryngology-- head & neck surgery,Gabriel S Dayan; Gautier Hénique; Houda Bahig; Kristoff Nelson; Coralie Brodeur; Apostolos Christopoulos; Edith Filion; Phuc-Felix Nguyen-Tan; Brian O'Sullivan; Tareck Ayad; Eric Bissada; Paul Tabet; Louis Guertin; Antoine Desilets; Samuel Kadoury; Laurent Letourneau-Guillon,2026-Jan-01,152,1,7-17,10.1001/jamaoto.2025.3225,
41025540,Patient-Specific Coculture of S. aureus and P. aeruginosa Enhances Epithelial Barrier Disruption and Virulence in CRS.,International forum of allergy & rhinology,Xiaohan Sun MMed; Mahnaz Ramezanpour; Jordan Hall; Emma Barry; Alkis J Psaltis; Peter-John Wormald; Sarah Vreugde,2026-Jan,16,1,43-54,10.1002/alr.70036,
41025537,Sinonasal Sarcomas Management: An International Consensus Statement.,International forum of allergy & rhinology,Alessandro Vinciguerra; Francesca Caspani; Marco Valentini; Anna Maria Camarda; Salvatore Provenzano; Eric W Wang; Cem Meço; Marco Ferrari; Pavol Surda; Semi Harrabi; Fernando Augusto Batista Campos; Javier Martin Broto; B Ashleigh Guadagnolo; Pierina Navarria; Ali Hosni; Nadia Hindi; Antoine Italiano; Daniel M Trifiletti; Bernd Kasper; Benjamin Verillaud; Alberto Schreiber; Paolo Castelnuovo; Piero Nicolai; Iacopo Dallan; Matias Chacon; Shirley Y Su; Juliette Thariat; Claudia Valverde; Matt Lechner; Jean Yves Blay; Maria Rosaria Fiore; Jean Anderson Eloy; Mehdi Brahmi; James N Palmer; Victor Castro Oliden; Daniela Greto; Iwona Lugowska; Angelo Paolo Dei Tos; Thibaut van Zele; Alkis J Psaltis; Paolo Giovanni Casali; Armelle Dufresne; Claudia Sangalli; Christos Georgalas; Ester Orlandi; Peter-John Wormald; Philippe Herman; Ricardo Carrau; Ehab Y Hanna; Lisa Licitra; Mario Turri-Zanoni; Paolo Battaglia,2026-Jan,16,1,55-69,10.1002/alr.70038,
41025243,In Response to Is Ophthalmology Consult Needed for Acute Orbital Fractures?,The Laryngoscope,Katherine L Webb; Samuel Oyer; Stephen Park,2026-Jan,136,1,E2,10.1002/lary.70065,
41021400,Posterior Nasal Nerve Neurectomy With Mucosal Flap Coverage of the Sphenopalatine Foramen for Treatment of Allergic Rhinitis: 12-Month Outcomes After Treatment in a Prospective Cohort Study.,American journal of rhinology & allergy,Linlu Wang; Huiyi Deng; Qintai Yang; Shuo Wu,2026-Jan,40,1,54-63,10.1177/19458924251382757,
41017768,In Reference to Is Ophthalmology Consult Needed for Acute Orbital Fractures?,The Laryngoscope,Sruti Rachapudi,2026-Jan,136,1,E1,10.1002/lary.70068,
41015685,French campaign for laryngectomees' quality of life.,"European annals of otorhinolaryngology, head and neck diseases",M Perréard; I Huet; C Legrais; E Babin,2026-Jan,143,1,75-76,10.1016/j.anorl.2025.09.002,
41004123,Factor Analysis-Based Quantitative Endotyping Improves Associations With CRS Cross-Sectional and Longitudinal Outcomes.,International forum of allergy & rhinology,Brooke N Gleason; Zhidi Luo; Aditi Agarwal; Siyuan Dong; Regan L Harmon; Junqin Bai; Chun-Kang Liao; Julia Huang; David B Conley; Kevin C Welch; Robert C Kern; Stephanie S Smith; Anju T Peters; Whitney S Stevens; Atsushi Kato; Lutfiyya N Muhammad; Bruce K Tan,2026-Jan,16,1,32-42,10.1002/alr.70027,
40997254,Effect of Previous Temporary Nasolacrimal Stent Implantation on Endoscopic Dacryocystostomy.,American journal of rhinology & allergy,Linjuan Wu; Xinyu Li; Guangming Zhou; Wencan Wu; Wentao Yan; Bo Yu,2026-Jan,40,1,38-45,10.1177/19458924251382085,
40997227,Influence of Dental Intervention and Disease on Acute Invasive Fungal Rhinosinusitis Severity and Outcomes.,American journal of rhinology & allergy,Jakob L Fischer; Nikitha Kosaraju; Katherine M Lucarelli; Connie M Sears; Jivianne T Lee; Daniel M Beswick; Daniel B Rootman; Marilene B Wang; Jeffrey D Suh,2026-Jan,40,1,46-53,10.1177/19458924251382514,
40995940,A Longitudinal Assessment of Patient Satisfaction Following Head and Neck Free Flap Reconstruction.,The Laryngoscope,Reta Behnam-Hanona; Nina Patel; John W Boscardin; Rohith M Bhethanabotla; Aarti Agarwal; Andrea Park; Rahul Seth; P Daniel Knott,2026-Jan,136,1,190-196,10.1002/lary.70023,
40984002,Comparison of Long-Term Revision Rates and Health Care Utilization Between Standalone Balloon Sinus Dilation and Endoscopic Sinus Surgery in Chronic Rhinosinusitis Patients Without Nasal Polyps: Is the Balloon Value Proposition Overinflated?,American journal of rhinology & allergy,David Hoying; Matthew J Kabalan; David C Kaelber; Raj Sindwani,2026-Jan,40,1,31-37,10.1177/19458924251377259,
40944542,Medical Therapy Algorithm With Telehealth Reduces Procedures and Transfers for Peritonsillar Abscess.,The Laryngoscope,Aviv Spillinger; Erin Dimon; Anna Schmidt; Joshua Gauger; Hani I Kuttab; David O Francis; Sandra Y Lin,2026-Jan,136,1,14-17,10.1002/lary.70136,
40923621,A Nomogram Model to Predict Meningitis Occurrence in Cerebrospinal Fluid Leak Patients.,The Laryngoscope,Ru Tang; Song Mao; Yuelong Gu; Weitian Zhang,2026-Jan,136,1,175-182,10.1002/lary.70094,
40911371,American Rhinologic Society Expert Practice Statement: Surveillance Strategies for Sinonasal Malignancy.,International forum of allergy & rhinology,Alan D Workman; Nithin D Adappa; Pete S Batra; Nikita Chapurin; Mathew Geltzeiler; Stacey T Gray; James N Palmer; Gurston G Nyquist; Christopher R Roxbury; Marilene B Wang; Edward C Kuan,2026-Jan,16,1,23-31,10.1002/alr.70028,
40899662,In Reference to Inconsistent Associations of Modified Frailty Index-5 With Adverse Head and Neck Reconstruction Outcomes.,The Laryngoscope,Akshay Warrier; Jeel Patel; Christian A Bowers; Richard Gurgel,2026-Jan,136,1,E3-E4,10.1002/lary.70098,
40899650,In Response to Inconsistent Associations of Modified Frailty Index-5 With Adverse Head and Neck Reconstruction Outcomes.,The Laryngoscope,Doruk Orgun; Samuel O Poore,2026-Jan,136,1,E5-E6,10.1002/lary.70096,
40899481,In Response to Effect of Auditory Input on Sensory Organization and Fall Risk in Young Adults With Hearing Aids.,The Laryngoscope,Emre Orhan; Volkan Tutar; Bülent Gündüz; Recep Karamert; Mehmet Birol Uğur; Hakan Tutar,2026-Jan,136,1,E16,10.1002/lary.70101,
40899474,In Reference to Effect of Auditory Input on Sensory Organization and Fall Risk in Young Adults With Hearing Aids.,The Laryngoscope,Preethi Ravindranath; Sharad Ashish,2026-Jan,136,1,E15,10.1002/lary.70097,
40888487,Long-term Quality of Life After Endoscopic Repair of Choanal Atresia in Children.,American journal of rhinology & allergy,Tal Rozenblat; Roy Hod; Ethan Soudry; Eyal Raveh; Eitan Yaniv; Dror Gilony,2026-Jan,40,1,17-23,10.1177/19458924251372243,
40879414,Factors Affecting the Success of Sphenopalatine Artery Ligation in the Management of Intractable Epistaxis-A Single-Centered Retrospective Analysis.,American journal of rhinology & allergy,Joseph Latif; Emma Ho; Jordan Fuzi; Catherine Banks,2026-Jan,40,1,24-30,10.1177/19458924251372241,
40858443,Effect of 10 and 20 degrees reverse Trendelenburg position on surgical field quality during ear surgery. A randomized-controlled trial.,"European annals of otorhinolaryngology, head and neck diseases",H S El-Ozairy; M R Naguib; A M Abd-Elmaksoud; O M Mady,2026-Jan,143,1,24-29,10.1016/j.anorl.2025.07.004,
40858442,Transoral robotic cricopharyngeal myectomy for cricopharyngeal muscle spasm.,"European annals of otorhinolaryngology, head and neck diseases",M Y Lin; C C Wang,2026-Jan,143,1,61-64,10.1016/j.anorl.2025.08.004,
40858441,Long-term follow-up of residual tumor and facial function after partial resection of vestibular schwannoma.,"European annals of otorhinolaryngology, head and neck diseases",A Ferney; T Ferney; A Lazard; S Schmerber; E Gay; R Quatre,2026-Jan,143,1,19-23,10.1016/j.anorl.2025.08.003,
40856645,Occult Nodal Involvement in Sinonasal Squamous Cell Carcinoma.,American journal of rhinology & allergy,Samer T Elsamna; Aman M Patel; Ibraheem Shaikh; Lucy Revercomb; Vraj P Shah; Prayag Patel; Christina H Fang; Soly Baredes; Jean Anderson Eloy,2026-Jan,40,1,6-16,10.1177/19458924251371257,
40856008,Prognostic Factors in Sinonasal Cancers: A Multicenter Pooled Analysis.,The Laryngoscope,Milica Stefanovic; Alberto Hernando-Calvo; Jesus Brenes Castro; Shao Hui Huang; Jie Su; Brian O'Sullivan; Jolie Ringash; Isabel Linares Galiana; Alicia Lozano Borbalas; Beatriz Cirauqui Cirauqui; Ezra Hahn; Iris Teruel; John R de Almeida; Jordi Marruecos Querol; Ian J Witterick; Jordi Rubió-Casadevall; David Paul Goldstein; Lillian L Siu; John Waldron; Marc Oliva; Anna Spreafico,2026-Jan,136,1,226-235,10.1002/lary.70044,
40855792,In Reference to Parotid Pleomorphic Adenoma and Apparent Diffusion Coefficient.,The Laryngoscope,Ramtin Mosadegh; Mohammad Molavi; Mohamad Rezaei,2026-Jan,136,1,E7-E8,10.1002/lary.70066,
40847590,External Validation of a Multivariable Diagnostic Prediction Model for Acute Invasive Fungal Rhinosinusitis in Tertiary Care Settings.,International forum of allergy & rhinology,Aviv Spillinger; Johanna Ellefson; Qiuyu Yang; Linda X Yin; Janalee K Stokken; Thomas Pasic; Ian J Koszewski; Sandra Y Lin,2026-Jan,16,1,16-22,10.1002/alr.70024,
40847589,Vision-Guided Surgical Navigation Using Computer Vision for Dynamic Intraoperative Imaging Updates.,International forum of allergy & rhinology,Jeremy Ruthberg; Nicole Gunderson; Pengcheng Chen; Graham Harris; Hannah Case; Randall Bly; Eric J Seibel; Waleed M Abuzeid,2026-Jan,16,1,5-15,10.1002/alr.70000,
40843942,Predictors of Early and Long-Term Sound Quality Ratings in Adult Cochlear Implant Recipients.,The Laryngoscope,Katelyn A Berg; Terrin N Tamati; Aaron C Moberly,2026-Jan,136,1,411-419,10.1002/lary.70007,
40843631,MMP11 as a Prognostic Indicator for Inverted Papilloma Histologic Grade and Recurrence.,The Laryngoscope,Kush Panara; Jadyn Wilensky; Alan D Workman; David K Lerner; Alexandria L Irace; Jennifer E Douglas; James N Palmer; Nithin D Adappa; Jalal Jalaly; Charles C L Tong; Noam A Cohen; Michael A Kohanski,2026-Jan,136,1,113-118,10.1002/lary.70072,
40841284,Speech audiometry in noise: Signal noise ratio loss values according speech signal level presentation in normal hearing subjects.,"European annals of otorhinolaryngology, head and neck diseases",P Toulemonde; F Giraudet; J Macario; V Krause; C Vincent,2026-Jan,143,1,14-18,10.1016/j.anorl.2025.06.008,
40835525,Chronic rhinitis associated with Mycobacterium avium infection: A CARE case report.,"European annals of otorhinolaryngology, head and neck diseases",J-P Martellosio; L Deroche; M Garcia; F Carsuzaa,2026-Jan,143,1,58-60,10.1016/j.anorl.2025.08.002,
40833221,A Model for Evaluating Electrode Impedance Stabilization in Pediatric Cochlear Implant Recipients.,The Laryngoscope,Yassin Abdelsamad; Griet Mertens; Rahma Sweedy; Marc Jan-Willem Lammers; Vincent Van Rompaey; Abdulrahman Hagr; Farid Alzhrani,2026-Jan,136,1,443-453,10.1002/lary.70042,
40833214,Supervised Machine Learning Analysis of Food-Related Quality of Life Impact in Olfactory Dysfunction.,The Laryngoscope,Karina Bayer; Bernhard Prem; Paul Suppinger; Christian A Mueller; David T Liu,2026-Jan,136,1,119-125,10.1002/lary.70069,
40833190,"Management of Subglottic Stenosis With the ""Maddern Procedure"": Long Term Follow-Up Outcomes.",The Laryngoscope,Emilie A C Dronkers; Gemma M Clunie; Aphrodite Iacovidou; S A Reza Nouraei; Chadwan Al Yaghchi; Guri S Sandhu,2026-Jan,136,1,243-250,10.1002/lary.70032,
40830003,Vestibulectomy prior cordectomy in tomes: Advantages and dysplasia findings.,"European annals of otorhinolaryngology, head and neck diseases",N Oishi; C Rodríguez-Prado; R Reboll; J R Alba; E Zapater,2026-Jan,143,1,11-13,10.1016/j.anorl.2025.06.007,
40828104,"Impaired Voice-Related Work Productivity, a Functional Effect of Gender Dysphoria.",The Laryngoscope,Joseph Chang; Christine H Lo; Jae Bernado; Tiffany Nguyen; Alison Hirst; Jess MacKimm; Katherine C Yung; Tanya K Meyer,2026-Jan,136,1,377-383,10.1002/lary.70056,
40828096,RNA Sequencing Provides Insight Into Idiopathic Subglottic Stenosis.,The Laryngoscope,Mursalin M Anis; Anthony J Griswold; Ahmed M S Soliman; Xue Zhong Liu; David E Rosow,2026-Jan,136,1,332-339,10.1002/lary.70057,
40828033,Validation of an Endoscopic Landmark for Injection of Internal Branch of Superior Laryngeal Nerve.,The Laryngoscope,Yuki Tanigami; David Hortobagyi; Andrew J Bowen; Chelsea Kruse; Seth H Dailey,2026-Jan,136,1,312-318,10.1002/lary.70050,
40815548,Positive Airway Pressure Therapy for Obstructive Sleep Apnea in High-Risk Pregnancy: A Meta-Analysis.,The Laryngoscope,Thamiris D D Cabral; Renata M Knoll; Jaime Plane; Patricia Viana; Bruno Dalla Vecchia Vendramini; João Evangelista Ponte Conrado; Victoria Caruso; Phillip Huyett,2026-Jan,136,1,24-35,10.1002/lary.70009,
40815547,Long-Term Daytime Use of Sodium Oxybate in Laryngeal Dystonia: A Follow-Up Online Survey Study.,The Laryngoscope,Lena C O'Flynn; Kristina Simonyan,2026-Jan,136,1,319-323,10.1002/lary.70054,
40815536,"Incidence, Risk Factors, and Outcomes of Vocal Fold Mobility Impairment After Lung Transplantation.",The Laryngoscope,Rachel B Kutler; Sana H Siddiqui; Margaret Barilka; Gabriela Rodrigues; Sydney Pomenti; Frank D'Ovidio; Michael J Pitman; Philippe Lemaitre; Selim M Arcasoy; Hayley L Born,2026-Jan,136,1,304-311,10.1002/lary.70016,
40814786,Ecological Momentary Assessment of Voice & Psychological Factors: Group & Individual Mechanisms.,The Laryngoscope,Stephanie Misono; Viann N Nguyen-Feng; Xiaofan Lei; Erin Feddema; Anika Tella; Ali Stockness; Patricia A Frazier; Erich Kummerfeld; Kelvin O Lim,2026-Jan,136,1,324-331,10.1002/lary.70049,
40814274,Otologic Symptoms in Patients Treated With Teprotumumab: A Multi-Institutional National Cohort Study.,The Laryngoscope,Kaitlin Hori; Talia Wenger; Shaili Davuluru; Sandy Zhang-Nunes; Janet S Choi,2026-Jan,136,1,395-402,10.1002/lary.70045,
40810349,Early Insights Into the Healthy Laryngeal Microbiome: A Pilot Study Evaluating Salivary and Oropharyngeal Sampling as Proxies.,The Laryngoscope,Emma Thompson; Avi Shah; Sydney Zaransky; Aatin Dhanda; Kristy Bono; Jamie Bono; Sagar Lamichhane; Avleen Mudhar; Rachel Kaye; W Evan Johnson; Carla Cugini; Kenneth Yan,2026-Jan,136,1,281-290,10.1002/lary.70043,
40801331,Radiation Fibrosis of the Epiglottis: Histopathology and Multiphoton Imaging of Collagen and Elastin.,The Laryngoscope,Clare Moffatt; Pranati Pillutla; Israa A Laklouk; Alden F Smith; Dinesh K Chhetri,2026-Jan,136,1,340-350,10.1002/lary.70039,
40801181,Nasal Branch of the Anterior Ethmoidal Artery and Cribroethmoidal Groove: New Frontal Sinus Landmarks.,The Laryngoscope,Alessandro Vinciguerra; Mario Turri-Zanoni; Pierfrancesco Bettini; Alberto Daniele Arosio; Alberto Gandolfi; Daniel Balzi; Gloria Schiavo; Federico Russo; Marco Valentini; Marco Ferrari; Paolo Castelnuovo; Philippe Herman; Maurizio Bignami; Paolo Battaglia,2026-Jan,136,1,105-112,10.1002/lary.70041,
40799135,Retrograde Parotidectomy Allowing Diagnosis of Parotid Lymphoma and Concomitant Facial Reanimation.,The Laryngoscope,Rishi N Modi; Morgan Davis Mills; David Z Zeng; Huan-You Wang; Charles S Coffey; Jacqueline J Greene,2026-Jan,136,1,197-201,10.1002/lary.32462,
40787789,Impact of Acute Versus Chronic Unilateral Hearing Loss on Head Movement in a Novel Binaural Task.,The Laryngoscope,Madison V Epperson; Obada Abdulrazzak; Gerilyn Jones; Nadine I Ibrahim; Renee M Banakis Hartl,2026-Jan,136,1,434-442,10.1002/lary.70034,
40783347,Delegating fiberoptic endoscopic evaluation of swallowing to speech therapists: Feedback from 20 months' experience.,"European annals of otorhinolaryngology, head and neck diseases",M Cachi-Pouyenne; R Haddad; D Robert; J Michel; A Giovanni; A Mattei,2026-Jan,143,1,7-10,10.1016/j.anorl.2025.07.002,
40781907,"Association of Cognition, Frailty, & Peak Airflow With Dysphagia in Older Adults: A National Study.",The Laryngoscope,Vinayak Ganesan; Robin Zhao; Alexandra Li; Katie Tai; Anaïs Rameau,2026-Jan,136,1,273-280,10.1002/lary.70030,
40781890,The Malignant Transformation Rate of Oral Carcinoma In Situ.,The Laryngoscope,Andrew Meci; Neerav Goyal; David Goldenberg,2026-Jan,136,1,213-217,10.1002/lary.70025,
40780996,Anaphylactic shock induced by HEC® ointment: A CARE case report.,"European annals of otorhinolaryngology, head and neck diseases",L de Villars; M Douet; C Aussedat,2026-Jan,143,1,56-57,10.1016/j.anorl.2025.07.003,
40776766,Laryngeal Vibration to Treat Abductor-Type Laryngeal Dystonia: Effectiveness and Cortical Response.,The Laryngoscope,Arash Mahnan; Jiapeng Xu; Jinseok Oh; Divya Bhaskaran; Yang Zhang; Peter J Watson; Jürgen Konczak,2026-Jan,136,1,368-376,10.1002/lary.70020,
40776676,Sounding out Dysphagia: Using a Digital Stethoscope to Assess Audiometric Differences in Swallowing.,The Laryngoscope,Andrew Yousef; Sacha Moufarrej; David Zeng; Bao Luu; Rong Xing; James S Crook; Yunfei Luo; Kristen Linnemeyer-Risser; Tauhidur Rahman; Philip A Weissbrod,2026-Jan,136,1,143-150,10.1002/lary.70012,
40776636,S100A8/A9 Promotes Fibrosis in Iatrogenic Laryngotracheal Stenosis.,The Laryngoscope,Laura M Mafla; Ibrahim Abd-Elazem; Raymond J So; Samuel L Collins; Yee Chan-Li; Alexander T Hillel; Kevin M Motz,2026-Jan,136,1,251-261,10.1002/lary.70008,
40776585,Association Between Extrapulmonary Chronic Cough and Psychiatric Comorbidities.,The Laryngoscope,William A Strober; Dorina Kallogjeri; Matthew L Rohlfing; Molly N Huston; Jay F Piccirillo,2026-Jan,136,1,360-367,10.1002/lary.70019,
40772606,Therapeutic Effectiveness of Atresiaplasty Compared to Osseointegrated Bone Conduction Devices.,The Laryngoscope,Evan J Patel; Michelle Louie; Sabina Yungert; Raquel Mendoza; Jihyun Stephans; Dylan K Chan,2026-Jan,136,1,427-433,10.1002/lary.70021,
40772588,Transclival Approach and Reconstruction for a Vertebrobasilar Artery Aneurysm.,The Laryngoscope,Judd H Fastenberg; Meryl B Kravitz; Mark B Chaskes; Aron Pollack; Charles C Tong; Danielle Golub; Ehsasn Dowlati; Athos Patsalides; Amir R Dehdashti,2026-Jan,136,1,102-104,10.1002/lary.70028,
40772557,Computed Tomographic and Clinical Findings Predictive of Successful Peritonsillar Abscess Drainage.,The Laryngoscope,Andrew C Li; Andrew Wadley; Shaun Aciu; Huaqing Zhao; Neelu Jain; Ahmed M S Soliman,2026-Jan,136,1,151-157,10.1002/lary.70024,
40767415,In Reference to Systemic Effects and Absorption of Subepithelial Dexamethasone Vocal Fold Injections.,The Laryngoscope,Hesam Nozari; Ali Hosseini,2026-Jan,136,1,E11-E12,10.1002/lary.70017,
40767384,Efficacy and Tolerability of Transoral Sialolithotomy in Non-Palpable Submandibular Lithiasis.,The Laryngoscope,Marine Bourtoul; Hugo Frandjian; Jean-Marc Foletti; Adèle Brotons; Quentin Hennocq; Cyrille Chossegros; Nicolas Graillon,2026-Jan,136,1,218-225,10.1002/lary.70027,
40762274,Acid Suppression in Mild-Moderate Laryngomalacia Without GERD: A Randomized Controlled Trial.,The Laryngoscope,Amber D Shaffer; Zainab Balogun; Allison B J Tobey; Raymond C Maguire; Jeffrey P Simons; Joseph E Dohar; Jennifer L Mccoy; Marina V Rushchak; Reema Padia,2026-Jan,136,1,471-478,10.1002/lary.32471,
40757740,Factors Influencing the Delay in Head and Neck Cancer Diagnosis in Lebanon.,The Laryngoscope,Nader G Zalaquett; Jad Hosri; Zachary Elwell; Zeina Semaan; Anne Marie Daou; Omar Aboul Hosn; Bassem Youssef; Marc Mourad; Arafat Tfayli,2026-Jan,136,1,202-212,10.1002/lary.32470,
40757644,Discordance Between Subjective Visual Vertical and Vestibular Evoked Myogenic Potentials in Stroke.,The Laryngoscope,Seo-Young Choi; Youn-Jin Park; Suk-Min Lee; Hyun Sung Kim; Jae-Hwan Choi; Kwang-Dong Choi,2026-Jan,136,1,420-426,10.1002/lary.70018,
40757422,Long-Term Occlusal Outcomes for Conservative Management in Patients With Robin Sequence.,The Laryngoscope,Benjamin Palatnik; Daniel Sampson; Robert Tibesar; Brianne Roby,2026-Jan,136,1,488-492,10.1002/lary.70013,
40755430,Pathological Grading Determines the Clinical Efficacy of Outpatient KTP Laser Treatment for Vocal Fold Leukoplakia.,The Laryngoscope,Dan Li; Zhiyan Lu; Siyi Chen; Harry Hoang; Jingru Ma; Chao Xue; Yi Fang; Yinying Chu; Lingjie Wu; Wenjing Mao; Xiufa Wu; Rui Fang; Jun Shao; Chunsheng Wei; Peijie He,2026-Jan,136,1,351-359,10.1002/lary.32479,
40755365,Effect of Spanish Language Concordant Care on Shared Decision-Making in Pediatric Otolaryngology.,The Laryngoscope,Caleb M Allred; Sanjay R Parikh; Xing Wang; Juliana Bonilla-Velez,2026-Jan,136,1,464-470,10.1002/lary.32466,
40755364,In Response to Systemic Effects and Absorption of Subepithelial Dexamethasone Vocal Fold Injections.,The Laryngoscope,M Alwan; D J Phyland; J A Smith; P M Paddle,2026-Jan,136,1,E13-E14,10.1002/lary.70015,
40751537,Changes in Wearable Sleep Technology Metrics During Hypoglossal Nerve Stimulation Uptitration.,The Laryngoscope,Amritpal Singh; Yi Cai; Ashley E Mason; Jolie L Chang,2026-Jan,136,1,497-504,10.1002/lary.32465,
40751513,Epidemiologic Assessment and Quality of Life Impact of Sinonasal Disease in Cleft Lip and Palate.,The Laryngoscope,Grace Anne Longfellow; Elena Quinonez Del Cid; Lauren Cook; Aurelia S Monk; Amelia F Drake,2026-Jan,136,1,479-487,10.1002/lary.70002,
40751510,Current State of Florida's Otolaryngology Workforce.,The Laryngoscope,Avraham E Adelman; Anwar Khan; Kirollos Armosh; John Lanza; Brian C Lobo,2026-Jan,136,1,168-174,10.1002/lary.70010,
40747837,Development of the Chronic Sialadenitis Outcome Test-14 for Chronic Sialadenitis.,The Laryngoscope,Juha Vartiainen; Riitta Saarinen; Juha Laakso; Johanna Jokela; Anu Haaramo; Aaro Haapaniemi; Aarno Dietz; Saku T Sinkkonen,2026-Jan,136,1,158-167,10.1002/lary.70003,
40747804,Hyperbaric Oxygen and Sudden Sensorineural Hearing Loss: A Systematic Review and Meta-Analysis.,The Laryngoscope,Isaac L Alter; Mickie Hamiter; Jiying Han; Cheng-Shiun Leu; John Usseglio; Anil K Lalwani,2026-Jan,136,1,91-101,10.1002/lary.32472,
40747767,Alveolar Extracellular Vesicles May Protect Some Patients With Chronic Aspiration From Pneumonia.,The Laryngoscope,James T Ross; Nina W Zhao; Dino Petrov; Ching-Wen Lin; Alyssa Bellini; Neona Lowe; Bryan Nguyen; Dustin Hadley; Randy P Carney; Anamaria J Robles; Rachael A Callcut; Peter C Belafsky,2026-Jan,136,1,134-142,10.1002/lary.32482,
40747740,Randomized Crossover Comparison of the Airway-Exchange Broncholaryngoscope and Aintree Catheter.,The Laryngoscope,Roger W Boles; Wihan Kim; William Zeng; Antonio Franco; Tingyu Yang; Karla O'Dell,2026-Jan,136,1,126-133,10.1002/lary.70006,
40735970,Outcomes of Free Flap Bony Reconstruction for Maxillary Defects: A Systematic Review and Meta-Analysis.,The Laryngoscope,Andrea Costantino; Jack Hyler; Uthman Alamoudi; Fawaz Makki; Aaron Domack; Gregory Neel; Mathew Biskup; Bruce H Haughey; J Scott Magnuson,2026-Jan,136,1,63-75,10.1002/lary.32480,
40735858,Smad2/3 Signaling Mediates the Atrophic Response in Vocal Fold Myoblasts In Vitro.,The Laryngoscope,Masayoshi Yoshimatsu; Ryosuke Nakamura; Renjie Bing; Gary J Gartling; Ryan C Branski,2026-Jan,136,1,291-303,10.1002/lary.32474,
40719061,Meta-Analysis of Robotic Cochlear Implantation.,The Laryngoscope,Katre Nur Sili; Bülent Satar; Muhittin Abdülkadir Serdar,2026-Jan,136,1,76-90,10.1002/lary.32455,
40717629,Primary Head and Neck Histiocytic Sarcoma of the Oropharyngeal Posterolateral Wall: A Case Report.,The Laryngoscope,Michael Dalè; Giulia Gabella; Pietro Benzi; Valentina Campagnari; Marta De Vecchi; Monica Feltri; Marta Filauro; Giorgio Peretti; Giampiero Parrinello,2026-Jan,136,1,240-242,10.1002/lary.32453,
40709609,Efficacy and Safety of Intratympanic Botulinum Toxin Injection on Middle Ear Myoclonic Tinnitus.,The Laryngoscope,Ji Hyung Lim; Dowoon Han; Gianfranco C Velasco; Young Jun Seo; Jae Sang Han; Jung Mee Park; Jae Hyun Seo; So Young Park; Shi Nae Park,2026-Jan,136,1,403-410,10.1002/lary.32447,
40707316,Iatrogenic tracheal injury following laser cordotomy via tracheostomy.,"European annals of otorhinolaryngology, head and neck diseases",P Rodríguez Lorenzana; Á Iglesias Castro; F Vázquez de la Iglesia; A Fernández Tenreiro,2026-Jan,143,1,72-74,10.1016/j.anorl.2025.07.001,
40698810,Factors Impacting Datalogging After Prelingual Cochlear Implantation in Children.,The Laryngoscope,Ashwini M Tilak; Hengameh K Behzadpour; Francesca T DeFaria; Pilar Preciado; David S Badalyan; Song T Tang; Tracey Ambrose; Brian K Reilly; Aubrey Ellis; Diego A Preciado; Samantha B Allen,2026-Jan,136,1,457-463,10.1002/lary.32451,
40679210,Cochlear Implantation in a Patient With Noonan Syndrome and Enlarged Cochlear Apertures.,The Laryngoscope,Kai-Shan Yang; Meng-Han Tsai; Chung-Feng Hwang; Li-Han Lin; Chao-Hui Yang,2026-Jan,136,1,454-456,10.1002/lary.32446,
40679176,Optimizing Odorants for Olfactory Training Based on Olfactory Receptor-Ligand Pair Analysis.,The Laryngoscope,Hironobu Nishijima; Eric H Holbrook; James E Schwob; Eri Mori; Ryoji Kagoya; Kei Ogawa; Kyohei Horikiri; Kenji Kondo,2026-Jan,136,1,384-394,10.1002/lary.32437,
40679162,The Use of Acetazolamide in a Sleep Surgery Practice.,The Laryngoscope,Phillip Huyett; Andrew Wellman,2026-Jan,136,1,493-496,10.1002/lary.32438,
40673647,Talquetamab-Induced Dysgeusia Successfully Treated With Photobiomodulation Therapy.,The Laryngoscope,Giseli Mitsuy Kayahara; Raissa Baisso Espinhosa; Steffani Nascimento da Silva; Mariana Aparecida Sanches Pereira; Daniel Galera Bernabé; Glauco Issamu Miyahara; Mariana Stuchi Urazaki; Gabriel Macedo Cortopassi; Vitor Bonetti Valente,2026-Jan,136,1,236-239,10.1002/lary.32445,
40673624,ctDNA to Predict Treatment Response in Head and Neck Squamous Cell Carcinoma: A Systematic Review.,The Laryngoscope,Oliver Jones; Sumrit Bola; Stuart C Winter,2026-Jan,136,1,50-62,10.1002/lary.32440,
40650638,Outcomes of Endoscopic Management of Spontaneous Cerebrospinal Fluid Rhinorrhea: A Meta-Analysis.,The Laryngoscope,Zahir Mughal; Judith Osuji; Syntyche Jonah; Kishan Rajdev; Priyamal Silva; Rajeev Mathew; Samuel Mackeith; Alexandros Boukas; Sanjeeva Jeyaretna; Pablo Martinez-Devesa; Ali Qureishi,2026-Jan,136,1,36-49,10.1002/lary.32428,
40650569,Impact of Facial Palsy on Work Productivity.,The Laryngoscope,Heather D Merkouris; Aishwarya Shukla; G Nina Lu,2026-Jan,136,1,183-189,10.1002/lary.32410,
40527659,What happened to the capsule?,"European annals of otorhinolaryngology, head and neck diseases",K Al Tabaa; L Morin; B Faucon,2026-Jan,143,1,70-71,10.1016/j.anorl.2025.06.003,
40511854,What Is the Role of Dental Extractions in the Peri-Operative/Peri-Treatment Period for Patients With Head and Neck Cancer?,The Laryngoscope,Matthew E Lin; Song Hon Hwang; Desiree Delavary; Maie St John,2026-Jan,136,1,18-21,10.1002/lary.32319,
40459280,Should Adjunct Palatopharyngeal Surgery Be Performed With Hypoglossal Nerve Stimulation for OSA Treatment?,The Laryngoscope,Maria V Suurna; Betzamel Lopez,2026-Jan,136,1,22-23,10.1002/lary.32303,
